Sync: enabled (Supabase connected)
Starting worker slurm61964909_gr070_gpu0_0
Experiment: cluster_t0 at /scratch/ddr8143/logs/dcnn_workers
------------------------------------------------------------
[slurm61964909_gr070_gpu0_0] Worker started
[slurm61964909_gr070_gpu0_0] Sync thread started
[slurm61964909_gr070_gpu0_0] Heartbeat thread started
[slurm61964909_gr070_gpu0_0] No jobs available
[slurm61964909_gr070_gpu0_0] No jobs available
[slurm61964909_gr070_gpu0_0] No jobs available
[slurm61964909_gr070_gpu0_0] No jobs available
[slurm61964909_gr070_gpu0_0] No jobs available
[slurm61964909_gr070_gpu0_0] No jobs available
[slurm61964909_gr070_gpu0_0] No jobs available
[slurm61964909_gr070_gpu0_0] No jobs available
[slurm61964909_gr070_gpu0_0] No jobs available
[slurm61964909_gr070_gpu0_0] No jobs available
[slurm61964909_gr070_gpu0_0] No jobs available
[slurm61964909_gr070_gpu0_0] No jobs available
[slurm61964909_gr070_gpu0_0] No jobs available
[slurm61964909_gr070_gpu0_0] No jobs available
[slurm61964909_gr070_gpu0_0] No jobs available
[slurm61964909_gr070_gpu0_0] No jobs available
[slurm61964909_gr070_gpu0_0] No jobs available
[slurm61964909_gr070_gpu0_0] No jobs available
[slurm61964909_gr070_gpu0_0] No jobs available
[slurm61964909_gr070_gpu0_0] No jobs available
[slurm61964909_gr070_gpu0_0] No jobs available
[slurm61964909_gr070_gpu0_0] No jobs available
[slurm61964909_gr070_gpu0_0] No jobs available
[slurm61964909_gr070_gpu0_0] Claimed job 301fd198-e745-48cf-a0bb-e9665b2c5d1c (priority=10)
[slurm61964909_gr070_gpu0_0] Executing job 301fd198-e745-48cf-a0bb-e9665b2c5d1c with _target_=dr_exp.trainers.decon_trainer.train_classification
GPU available: True (cuda), used: True
TPU available: False, using: 0 TPU cores
HPU available: False, using: 0 HPUs
/scratch/ddr8143/repos/dr_exp/.venv/lib/python3.12/site-packages/lightning/pytorch/trainer/connectors/logger_connector/logger_connector.py:76: Starting from v1.9.0, `tensorboardX` has been removed as a dependency of the `lightning.pytorch` package, due to potential conflicts with other packages in the ML ecosystem. For this reason, `logger=True` will use `CSVLogger` as the default logger, unless the `tensorboard` or `tensorboardX` packages are found. Please `pip install lightning[extra]` or one of them to enable TensorBoard support by default
LOCAL_RANK: 0 - CUDA_VISIBLE_DEVICES: [0]

  | Name      | Type             | Params | Mode 
-------------------------------------------------------
0 | model     | CifarResNet18    | 11.2 M | train
1 | criterion | CrossEntropyLoss | 0      | train
-------------------------------------------------------
11.2 M    Trainable params
0         Non-trainable params
11.2 M    Total params
44.696    Total estimated model params size (MB)
70        Modules in train mode
0         Modules in eval mode
Epoch 0 | val_loss: 2.31215, val_acc: 0.12109
Epoch 0 | val_loss: 2.32436, val_acc: 0.10500
Epoch 1 | val_loss: 2.16110, val_acc: 0.22600, train_loss: 2.32046, train_acc: 0.10127
Epoch 2 | val_loss: 1.97077, val_acc: 0.28960, train_loss: 2.28577, train_acc: 0.13289
Epoch 3 | val_loss: 1.80956, val_acc: 0.35360, train_loss: 2.22650, train_acc: 0.17227
/scratch/ddr8143/repos/dr_exp/.venv/lib/python3.12/site-packages/torch/optim/lr_scheduler.py:198: UserWarning: The epoch parameter in `scheduler.step()` was not necessary and is being deprecated where possible. Please use `scheduler.step()` to step the scheduler. During the deprecation, if epoch is different from None, the closed form is used instead of the new chainable form, where available. Please open an issue if you are unable to replicate your use case: https://github.com/pytorch/pytorch/issues/new/choose.
  warnings.warn(EPOCH_DEPRECATION_WARNING, UserWarning)
Epoch 4 | val_loss: 1.72286, val_acc: 0.41520, train_loss: 2.17282, train_acc: 0.20711
Epoch 5 | val_loss: 1.64266, val_acc: 0.45760, train_loss: 2.13637, train_acc: 0.23491
Epoch 6 | val_loss: 1.56357, val_acc: 0.47420, train_loss: 2.11024, train_acc: 0.24562
Epoch 7 | val_loss: 1.47098, val_acc: 0.50620, train_loss: 2.07512, train_acc: 0.28284
Epoch 8 | val_loss: 1.40472, val_acc: 0.53360, train_loss: 2.06044, train_acc: 0.28784
Epoch 9 | val_loss: 1.33514, val_acc: 0.57260, train_loss: 2.02725, train_acc: 0.30433
Epoch 10 | val_loss: 1.30856, val_acc: 0.57540, train_loss: 2.01472, train_acc: 0.31782
Epoch 11 | val_loss: 1.22928, val_acc: 0.60220, train_loss: 1.98693, train_acc: 0.33071
Epoch 12 | val_loss: 1.22895, val_acc: 0.62200, train_loss: 1.97425, train_acc: 0.34896
Epoch 13 | val_loss: 1.22413, val_acc: 0.61960, train_loss: 1.96372, train_acc: 0.33893
Epoch 14 | val_loss: 1.14312, val_acc: 0.64480, train_loss: 1.95871, train_acc: 0.36156
Epoch 15 | val_loss: 1.17344, val_acc: 0.62800, train_loss: 1.92815, train_acc: 0.36378
Epoch 16 | val_loss: 1.12022, val_acc: 0.65480, train_loss: 1.91412, train_acc: 0.36744
Epoch 17 | val_loss: 1.11741, val_acc: 0.66140, train_loss: 1.90390, train_acc: 0.38418
Epoch 18 | val_loss: 1.05985, val_acc: 0.68320, train_loss: 1.90138, train_acc: 0.37231
Epoch 19 | val_loss: 1.06763, val_acc: 0.68720, train_loss: 1.88914, train_acc: 0.37116
Epoch 20 | val_loss: 1.04052, val_acc: 0.69900, train_loss: 1.87350, train_acc: 0.38227
Epoch 21 | val_loss: 1.05421, val_acc: 0.69440, train_loss: 1.86130, train_acc: 0.41384
Epoch 22 | val_loss: 1.04888, val_acc: 0.68460, train_loss: 1.86908, train_acc: 0.41000
Epoch 23 | val_loss: 1.02945, val_acc: 0.69660, train_loss: 1.85579, train_acc: 0.40469
Epoch 24 | val_loss: 1.00202, val_acc: 0.71060, train_loss: 1.84118, train_acc: 0.42644
Epoch 25 | val_loss: 0.99017, val_acc: 0.72100, train_loss: 1.85287, train_acc: 0.40567
Epoch 26 | val_loss: 0.96472, val_acc: 0.73220, train_loss: 1.84712, train_acc: 0.42456
Epoch 27 | val_loss: 0.94590, val_acc: 0.74200, train_loss: 1.83262, train_acc: 0.40927
Epoch 28 | val_loss: 0.95199, val_acc: 0.73620, train_loss: 1.83769, train_acc: 0.42118
Epoch 29 | val_loss: 0.93495, val_acc: 0.73960, train_loss: 1.82500, train_acc: 0.45413
Epoch 30 | val_loss: 0.96460, val_acc: 0.72960, train_loss: 1.81059, train_acc: 0.42093
Epoch 31 | val_loss: 0.92426, val_acc: 0.74520, train_loss: 1.81652, train_acc: 0.43800
Epoch 32 | val_loss: 0.92975, val_acc: 0.74880, train_loss: 1.81181, train_acc: 0.44556
Epoch 33 | val_loss: 0.93632, val_acc: 0.74760, train_loss: 1.80477, train_acc: 0.44284
Epoch 34 | val_loss: 0.91508, val_acc: 0.74300, train_loss: 1.81665, train_acc: 0.44029
Epoch 35 | val_loss: 0.90314, val_acc: 0.75160, train_loss: 1.79166, train_acc: 0.44684
Epoch 36 | val_loss: 0.92255, val_acc: 0.75420, train_loss: 1.78769, train_acc: 0.45940
Epoch 37 | val_loss: 0.89690, val_acc: 0.75700, train_loss: 1.81264, train_acc: 0.43242
Epoch 38 | val_loss: 0.89192, val_acc: 0.76720, train_loss: 1.78692, train_acc: 0.42709
Epoch 39 | val_loss: 0.90601, val_acc: 0.75740, train_loss: 1.79788, train_acc: 0.42809
Epoch 40 | val_loss: 0.89669, val_acc: 0.76120, train_loss: 1.79417, train_acc: 0.44396
Epoch 41 | val_loss: 0.89726, val_acc: 0.76280, train_loss: 1.76515, train_acc: 0.43636
Epoch 42 | val_loss: 0.90216, val_acc: 0.76420, train_loss: 1.77884, train_acc: 0.45802
Epoch 43 | val_loss: 0.89830, val_acc: 0.76340, train_loss: 1.79058, train_acc: 0.44624
Epoch 44 | val_loss: 0.90624, val_acc: 0.76160, train_loss: 1.79283, train_acc: 0.44871
Epoch 45 | val_loss: 0.89765, val_acc: 0.76560, train_loss: 1.80072, train_acc: 0.42502
Epoch 46 | val_loss: 0.89385, val_acc: 0.76200, train_loss: 1.78312, train_acc: 0.45424
Epoch 47 | val_loss: 0.89911, val_acc: 0.76500, train_loss: 1.77837, train_acc: 0.45291
Epoch 48 | val_loss: 0.89331, val_acc: 0.76640, train_loss: 1.78072, train_acc: 0.44547
Epoch 49 | val_loss: 0.89159, val_acc: 0.76620, train_loss: 1.77588, train_acc: 0.46122
`Trainer.fit` stopped: `max_epochs=50` reached.
[slurm61964909_gr070_gpu0_0] Job 301fd198-e745-48cf-a0bb-e9665b2c5d1c completed successfully
[slurm61964909_gr070_gpu0_0] No jobs available
[slurm61964909_gr070_gpu0_0] Claimed job 122c78af-50c6-493b-ad66-f904948b1917 (priority=10)
[slurm61964909_gr070_gpu0_0] Executing job 122c78af-50c6-493b-ad66-f904948b1917 with _target_=dr_exp.trainers.decon_trainer.train_classification
GPU available: True (cuda), used: True
TPU available: False, using: 0 TPU cores
HPU available: False, using: 0 HPUs
[SyncHandler] Uploaded config.json (logs)
[SyncHandler] Uploaded metrics.jsonl (metrics)
[SyncHandler] Uploaded events.jsonl (metrics)
[SyncHandler] Uploaded metadata.json (logs)
[SyncHandler] Uploaded config.json (logs)
[slurm61964909_gr070_gpu0_0] Sync: 5 success, 0 failed, 3 pending
LOCAL_RANK: 0 - CUDA_VISIBLE_DEVICES: [0]

  | Name      | Type             | Params | Mode 
-------------------------------------------------------
0 | model     | CifarResNet18    | 11.2 M | train
1 | criterion | CrossEntropyLoss | 0      | train
-------------------------------------------------------
11.2 M    Trainable params
0         Non-trainable params
11.2 M    Total params
44.696    Total estimated model params size (MB)
70        Modules in train mode
0         Modules in eval mode
Epoch 0 | val_loss: 2.34401, val_acc: 0.11719
[SyncHandler] Uploaded metrics.jsonl (metrics)
[SyncHandler] Uploaded events.jsonl (metrics)
[SyncHandler] Uploaded metadata.json (logs)
[slurm61964909_gr070_gpu0_0] Sync: 3 success, 0 failed, 0 pending
Epoch 0 | val_loss: 1.59520, val_acc: 0.41600
Epoch 1 | val_loss: 1.34064, val_acc: 0.51540, train_loss: 2.06728, train_acc: 0.28182
Epoch 2 | val_loss: 1.07194, val_acc: 0.63880, train_loss: 1.66553, train_acc: 0.45647
Epoch 3 | val_loss: 0.93666, val_acc: 0.68300, train_loss: 1.41666, train_acc: 0.58713
Epoch 4 | val_loss: 0.84807, val_acc: 0.71980, train_loss: 1.22006, train_acc: 0.67933
Epoch 5 | val_loss: 0.76036, val_acc: 0.75480, train_loss: 1.10732, train_acc: 0.73409
Epoch 6 | val_loss: 0.71822, val_acc: 0.76700, train_loss: 1.04880, train_acc: 0.76176
[slurm61964909_gr070_gpu0_0] Sync: 0 success, 4 failed, 0 pending
Epoch 7 | val_loss: 0.71180, val_acc: 0.77420, train_loss: 1.00411, train_acc: 0.78242
Epoch 8 | val_loss: 0.74250, val_acc: 0.76780, train_loss: 0.96893, train_acc: 0.79753
Epoch 9 | val_loss: 0.60783, val_acc: 0.80520, train_loss: 0.94869, train_acc: 0.80487
Epoch 10 | val_loss: 0.74100, val_acc: 0.76120, train_loss: 0.92872, train_acc: 0.81389
[slurm61964909_gr070_gpu0_0] Sync: 0 success, 4 failed, 0 pending
Epoch 11 | val_loss: 0.90205, val_acc: 0.72320, train_loss: 0.91414, train_acc: 0.82060
Epoch 12 | val_loss: 0.79551, val_acc: 0.74820, train_loss: 0.91132, train_acc: 0.82282
Epoch 13 | val_loss: 0.65449, val_acc: 0.79180, train_loss: 0.89194, train_acc: 0.83189
[slurm61964909_gr070_gpu0_0] Sync: 0 success, 5 failed, 7 pending
Epoch 14 | val_loss: 0.65557, val_acc: 0.79640, train_loss: 0.88522, train_acc: 0.83513
[slurm61964909_gr070_gpu0_0] Sync: 0 success, 5 failed, 2 pending
Epoch 15 | val_loss: 0.60872, val_acc: 0.81240, train_loss: 0.87632, train_acc: 0.83902
[slurm61964909_gr070_gpu0_0] Sync: 0 success, 2 failed, 0 pending
Epoch 16 | val_loss: 0.60051, val_acc: 0.81080, train_loss: 0.86707, train_acc: 0.84271
Epoch 17 | val_loss: 0.65709, val_acc: 0.79740, train_loss: 0.86185, train_acc: 0.84458
[slurm61964909_gr070_gpu0_0] Sync: 0 success, 5 failed, 0 pending
Epoch 18 | val_loss: 0.53505, val_acc: 0.82880, train_loss: 0.85433, train_acc: 0.84629
[slurm61964909_gr070_gpu0_0] Sync: 0 success, 5 failed, 0 pending
Epoch 19 | val_loss: 0.60611, val_acc: 0.81200, train_loss: 0.84406, train_acc: 0.85444
[slurm61964909_gr070_gpu0_0] Sync: 0 success, 2 failed, 0 pending
Epoch 20 | val_loss: 0.57934, val_acc: 0.83100, train_loss: 0.84409, train_acc: 0.85178
Epoch 21 | val_loss: 0.62329, val_acc: 0.80260, train_loss: 0.84412, train_acc: 0.85009
Epoch 22 | val_loss: 0.76342, val_acc: 0.75420, train_loss: 0.83329, train_acc: 0.85700
Epoch 23 | val_loss: 0.52580, val_acc: 0.84100, train_loss: 0.83532, train_acc: 0.85644
Epoch 24 | val_loss: 0.69899, val_acc: 0.78060, train_loss: 0.82828, train_acc: 0.85864
Epoch 25 | val_loss: 0.54108, val_acc: 0.83540, train_loss: 0.82766, train_acc: 0.85896
Epoch 26 | val_loss: 0.61143, val_acc: 0.80660, train_loss: 0.82748, train_acc: 0.86044
Epoch 27 | val_loss: 0.54201, val_acc: 0.83660, train_loss: 0.82675, train_acc: 0.86060
Epoch 28 | val_loss: 0.52650, val_acc: 0.84300, train_loss: 0.82146, train_acc: 0.86367
Epoch 29 | val_loss: 0.57099, val_acc: 0.82980, train_loss: 0.81782, train_acc: 0.86373
Epoch 30 | val_loss: 0.34740, val_acc: 0.91100, train_loss: 0.81660, train_acc: 0.86451
Epoch 31 | val_loss: 0.33099, val_acc: 0.91100, train_loss: 0.69448, train_acc: 0.91953
Epoch 32 | val_loss: 0.32286, val_acc: 0.91560, train_loss: 0.65226, train_acc: 0.93849
Epoch 33 | val_loss: 0.31741, val_acc: 0.91640, train_loss: 0.63816, train_acc: 0.94333
Epoch 34 | val_loss: 0.31057, val_acc: 0.91680, train_loss: 0.62663, train_acc: 0.94938
Epoch 35 | val_loss: 0.30147, val_acc: 0.91920, train_loss: 0.61592, train_acc: 0.95491
Epoch 36 | val_loss: 0.29838, val_acc: 0.92020, train_loss: 0.60756, train_acc: 0.95769
Epoch 37 | val_loss: 0.30023, val_acc: 0.92260, train_loss: 0.60369, train_acc: 0.95967
Epoch 38 | val_loss: 0.31476, val_acc: 0.92000, train_loss: 0.59361, train_acc: 0.96393
Epoch 39 | val_loss: 0.31206, val_acc: 0.91740, train_loss: 0.59070, train_acc: 0.96651
Epoch 40 | val_loss: 0.30356, val_acc: 0.92400, train_loss: 0.58627, train_acc: 0.96760
Epoch 41 | val_loss: 0.30675, val_acc: 0.92060, train_loss: 0.57902, train_acc: 0.97116
Epoch 42 | val_loss: 0.29829, val_acc: 0.92500, train_loss: 0.57537, train_acc: 0.97244
Epoch 43 | val_loss: 0.29637, val_acc: 0.92640, train_loss: 0.57426, train_acc: 0.97207
Epoch 44 | val_loss: 0.30190, val_acc: 0.92440, train_loss: 0.57039, train_acc: 0.97402
Epoch 45 | val_loss: 0.30078, val_acc: 0.92660, train_loss: 0.56677, train_acc: 0.97553
Epoch 46 | val_loss: 0.31606, val_acc: 0.92240, train_loss: 0.56551, train_acc: 0.97604
Epoch 47 | val_loss: 0.31630, val_acc: 0.92420, train_loss: 0.56137, train_acc: 0.97738
Epoch 48 | val_loss: 0.31335, val_acc: 0.92260, train_loss: 0.55966, train_acc: 0.97818
Epoch 49 | val_loss: 0.30311, val_acc: 0.92500, train_loss: 0.55881, train_acc: 0.97916
`Trainer.fit` stopped: `max_epochs=50` reached.
[slurm61964909_gr070_gpu0_0] Job 122c78af-50c6-493b-ad66-f904948b1917 completed successfully
[slurm61964909_gr070_gpu0_0] Claimed job 48df34c4-9c6d-48b3-8fbf-c34b9e6c0326 (priority=10)
[slurm61964909_gr070_gpu0_0] Executing job 48df34c4-9c6d-48b3-8fbf-c34b9e6c0326 with _target_=dr_exp.trainers.decon_trainer.train_classification
GPU available: True (cuda), used: True
TPU available: False, using: 0 TPU cores
HPU available: False, using: 0 HPUs
LOCAL_RANK: 0 - CUDA_VISIBLE_DEVICES: [0]

  | Name      | Type             | Params | Mode 
-------------------------------------------------------
0 | model     | CifarAlexNet     | 2.4 M  | train
1 | criterion | CrossEntropyLoss | 0      | train
-------------------------------------------------------
2.4 M     Trainable params
0         Non-trainable params
2.4 M     Total params
9.768     Total estimated model params size (MB)
24        Modules in train mode
0         Modules in eval mode
Epoch 0 | val_loss: 2.40158, val_acc: 0.06641
[slurm61964909_gr070_gpu0_0] Sync: 0 success, 5 failed, 11 pending
Epoch 0 | val_loss: 1.62822, val_acc: 0.41860
Epoch 1 | val_loss: 1.42714, val_acc: 0.50860, train_loss: 2.05272, train_acc: 0.32898
Epoch 2 | val_loss: 1.29968, val_acc: 0.54940, train_loss: 1.74192, train_acc: 0.45344
Epoch 3 | val_loss: 1.27153, val_acc: 0.56020, train_loss: 1.60049, train_acc: 0.51653
[SyncHandler] Uploaded config.json (logs)
[SyncHandler] Uploaded metrics.jsonl (metrics)
[slurm61964909_gr070_gpu0_0] Sync: 2 success, 3 failed, 14 pending
Epoch 4 | val_loss: 1.22418, val_acc: 0.58720, train_loss: 1.49322, train_acc: 0.56616
Epoch 5 | val_loss: 1.08366, val_acc: 0.63140, train_loss: 1.40815, train_acc: 0.60509
Epoch 6 | val_loss: 1.01691, val_acc: 0.65120, train_loss: 1.35673, train_acc: 0.62900
[SyncHandler] Uploaded events.jsonl (metrics)
[SyncHandler] Uploaded metadata.json (logs)
[SyncHandler] Uploaded config.json (logs)
Epoch 7 | val_loss: 1.18442, val_acc: 0.61520, train_loss: 1.30705, train_acc: 0.65009
[SyncHandler] Uploaded metrics.jsonl (metrics)
[SyncHandler] Uploaded events.jsonl (metrics)
[slurm61964909_gr070_gpu0_0] Sync: 5 success, 0 failed, 17 pending
Epoch 8 | val_loss: 0.98622, val_acc: 0.66040, train_loss: 1.25560, train_acc: 0.67229
Epoch 9 | val_loss: 0.91299, val_acc: 0.68760, train_loss: 1.22696, train_acc: 0.68693
Epoch 10 | val_loss: 0.99193, val_acc: 0.66920, train_loss: 1.20045, train_acc: 0.69818
[SyncHandler] Uploaded metadata.json (logs)
[slurm61964909_gr070_gpu0_0] Sync: 1 success, 4 failed, 12 pending
Epoch 11 | val_loss: 0.89062, val_acc: 0.70720, train_loss: 1.17667, train_acc: 0.70840
Epoch 12 | val_loss: 1.01905, val_acc: 0.66200, train_loss: 1.16737, train_acc: 0.71282
Epoch 13 | val_loss: 0.90952, val_acc: 0.69740, train_loss: 1.14022, train_acc: 0.72587
Epoch 14 | val_loss: 0.93039, val_acc: 0.68780, train_loss: 1.12878, train_acc: 0.73087
[slurm61964909_gr070_gpu0_0] Sync: 0 success, 5 failed, 12 pending
Epoch 15 | val_loss: 0.87865, val_acc: 0.71460, train_loss: 1.11492, train_acc: 0.73611
Epoch 16 | val_loss: 0.89691, val_acc: 0.70840, train_loss: 1.10972, train_acc: 0.73820
Epoch 17 | val_loss: 0.90816, val_acc: 0.69260, train_loss: 1.09657, train_acc: 0.74440
Epoch 18 | val_loss: 0.84062, val_acc: 0.72100, train_loss: 1.07936, train_acc: 0.75222
[slurm61964909_gr070_gpu0_0] Sync: 0 success, 5 failed, 10 pending
Epoch 19 | val_loss: 0.84710, val_acc: 0.72480, train_loss: 1.07732, train_acc: 0.75320
Epoch 20 | val_loss: 0.85555, val_acc: 0.72320, train_loss: 1.05836, train_acc: 0.76182
Epoch 21 | val_loss: 0.82980, val_acc: 0.72560, train_loss: 1.05996, train_acc: 0.76104
Epoch 22 | val_loss: 0.84365, val_acc: 0.72580, train_loss: 1.04391, train_acc: 0.76764
[slurm61964909_gr070_gpu0_0] Sync: 0 success, 5 failed, 4 pending
Epoch 23 | val_loss: 0.85557, val_acc: 0.71720, train_loss: 1.04901, train_acc: 0.76384
Epoch 24 | val_loss: 0.89557, val_acc: 0.70920, train_loss: 1.03856, train_acc: 0.77076
Epoch 25 | val_loss: 0.81835, val_acc: 0.73580, train_loss: 1.04732, train_acc: 0.76711
[slurm61964909_gr070_gpu0_0] Sync: 0 success, 5 failed, 3 pending
Epoch 26 | val_loss: 0.83092, val_acc: 0.72680, train_loss: 1.03788, train_acc: 0.77040
Epoch 27 | val_loss: 0.79124, val_acc: 0.74800, train_loss: 1.03966, train_acc: 0.76978
Epoch 28 | val_loss: 0.83125, val_acc: 0.72460, train_loss: 1.02937, train_acc: 0.77569
Epoch 29 | val_loss: 0.81881, val_acc: 0.73400, train_loss: 1.01624, train_acc: 0.77853
[slurm61964909_gr070_gpu0_0] Sync: 0 success, 4 failed, 0 pending
Epoch 30 | val_loss: 0.63735, val_acc: 0.79920, train_loss: 1.02090, train_acc: 0.77687
Epoch 31 | val_loss: 0.63182, val_acc: 0.79900, train_loss: 0.82323, train_acc: 0.86720
Epoch 32 | val_loss: 0.62144, val_acc: 0.80600, train_loss: 0.75965, train_acc: 0.89771
Epoch 33 | val_loss: 0.61206, val_acc: 0.80660, train_loss: 0.72590, train_acc: 0.91333
[slurm61964909_gr070_gpu0_0] Sync: 0 success, 3 failed, 0 pending
Epoch 34 | val_loss: 0.61907, val_acc: 0.80780, train_loss: 0.70133, train_acc: 0.92500
Epoch 35 | val_loss: 0.61913, val_acc: 0.81160, train_loss: 0.67793, train_acc: 0.93733
Epoch 36 | val_loss: 0.62401, val_acc: 0.81060, train_loss: 0.65788, train_acc: 0.94793
Epoch 37 | val_loss: 0.61943, val_acc: 0.80760, train_loss: 0.64056, train_acc: 0.95782
[slurm61964909_gr070_gpu0_0] Sync: 0 success, 4 failed, 0 pending
Epoch 38 | val_loss: 0.62574, val_acc: 0.81580, train_loss: 0.62551, train_acc: 0.96396
Epoch 39 | val_loss: 0.62652, val_acc: 0.81140, train_loss: 0.61212, train_acc: 0.96911
Epoch 40 | val_loss: 0.63093, val_acc: 0.81220, train_loss: 0.60036, train_acc: 0.97473
Epoch 41 | val_loss: 0.63287, val_acc: 0.81320, train_loss: 0.58945, train_acc: 0.97904
Epoch 42 | val_loss: 0.63382, val_acc: 0.81800, train_loss: 0.58037, train_acc: 0.98300
Epoch 43 | val_loss: 0.63576, val_acc: 0.81800, train_loss: 0.57352, train_acc: 0.98580
Epoch 44 | val_loss: 0.63852, val_acc: 0.81580, train_loss: 0.56467, train_acc: 0.98936
[slurm61964909_gr070_gpu0_0] Sync: 0 success, 2 failed, 0 pending
Epoch 45 | val_loss: 0.64720, val_acc: 0.81280, train_loss: 0.56035, train_acc: 0.99038
Epoch 46 | val_loss: 0.64058, val_acc: 0.81640, train_loss: 0.55489, train_acc: 0.99236
Epoch 47 | val_loss: 0.63934, val_acc: 0.82020, train_loss: 0.55092, train_acc: 0.99298
Epoch 48 | val_loss: 0.64606, val_acc: 0.81360, train_loss: 0.54763, train_acc: 0.99389
Epoch 49 | val_loss: 0.63725, val_acc: 0.81380, train_loss: 0.54453, train_acc: 0.99482
`Trainer.fit` stopped: `max_epochs=50` reached.
[slurm61964909_gr070_gpu0_0] Job 48df34c4-9c6d-48b3-8fbf-c34b9e6c0326 completed successfully
[slurm61964909_gr070_gpu0_0] Claimed job 51ffc5bd-e581-4374-93f2-c9837cd5cb28 (priority=10)
[slurm61964909_gr070_gpu0_0] Executing job 51ffc5bd-e581-4374-93f2-c9837cd5cb28 with _target_=dr_exp.trainers.decon_trainer.train_classification
GPU available: True (cuda), used: True
TPU available: False, using: 0 TPU cores
HPU available: False, using: 0 HPUs
LOCAL_RANK: 0 - CUDA_VISIBLE_DEVICES: [0]

  | Name      | Type             | Params | Mode 
-------------------------------------------------------
0 | model     | CifarResNet18    | 11.2 M | train
1 | criterion | CrossEntropyLoss | 0      | train
-------------------------------------------------------
11.2 M    Trainable params
0         Non-trainable params
11.2 M    Total params
44.696    Total estimated model params size (MB)
70        Modules in train mode
0         Modules in eval mode
Epoch 0 | val_loss: 2.30682, val_acc: 0.11719
[SyncHandler] Uploaded config.json (logs)
[SyncHandler] Uploaded metrics.jsonl (metrics)
[SyncHandler] Uploaded events.jsonl (metrics)
[SyncHandler] Uploaded metadata.json (logs)
[slurm61964909_gr070_gpu0_0] Sync: 4 success, 1 failed, 3 pending
Epoch 0 | val_loss: 2.32249, val_acc: 0.09800
[slurm61964909_gr070_gpu0_0] Sync: 0 success, 3 failed, 1 pending
Epoch 1 | val_loss: 2.15627, val_acc: 0.20100, train_loss: 2.31942, train_acc: 0.09776
[slurm61964909_gr070_gpu0_0] Sync: 0 success, 1 failed, 1 pending
Epoch 2 | val_loss: 1.94397, val_acc: 0.31520, train_loss: 2.28492, train_acc: 0.13282
[slurm61964909_gr070_gpu0_0] Sync: 0 success, 5 failed, 1 pending
Epoch 3 | val_loss: 1.83545, val_acc: 0.36340, train_loss: 2.22576, train_acc: 0.17191
[slurm61964909_gr070_gpu0_0] Sync: 0 success, 5 failed, 2 pending
Epoch 4 | val_loss: 1.75449, val_acc: 0.40560, train_loss: 2.17450, train_acc: 0.20229
[slurm61964909_gr070_gpu0_0] Sync: 0 success, 5 failed, 3 pending
Epoch 5 | val_loss: 1.67194, val_acc: 0.42700, train_loss: 2.14459, train_acc: 0.22433
[slurm61964909_gr070_gpu0_0] Sync: 0 success, 1 failed, 1 pending
Epoch 6 | val_loss: 1.63930, val_acc: 0.47140, train_loss: 2.11828, train_acc: 0.24560
Epoch 7 | val_loss: 1.56330, val_acc: 0.45420, train_loss: 2.09417, train_acc: 0.26589
[slurm61964909_gr070_gpu0_0] Sync: 0 success, 5 failed, 6 pending
Epoch 8 | val_loss: 1.49902, val_acc: 0.52240, train_loss: 2.07955, train_acc: 0.27107
[slurm61964909_gr070_gpu0_0] Sync: 0 success, 5 failed, 5 pending
Epoch 9 | val_loss: 1.40056, val_acc: 0.53920, train_loss: 2.05434, train_acc: 0.28971
[slurm61964909_gr070_gpu0_0] Sync: 0 success, 5 failed, 1 pending
Epoch 10 | val_loss: 1.39304, val_acc: 0.54100, train_loss: 2.03662, train_acc: 0.29731
[slurm61964909_gr070_gpu0_0] Sync: 0 success, 1 failed, 1 pending
Epoch 11 | val_loss: 1.30010, val_acc: 0.59800, train_loss: 2.00458, train_acc: 0.31982
[slurm61964909_gr070_gpu0_0] Sync: 0 success, 5 failed, 1 pending
Epoch 12 | val_loss: 1.27631, val_acc: 0.59180, train_loss: 1.99659, train_acc: 0.33109
[slurm61964909_gr070_gpu0_0] Sync: 0 success, 3 failed, 2 pending
Epoch 13 | val_loss: 1.23517, val_acc: 0.61840, train_loss: 1.97007, train_acc: 0.34518
[slurm61964909_gr070_gpu0_0] Sync: 0 success, 2 failed, 2 pending
Epoch 14 | val_loss: 1.22400, val_acc: 0.63000, train_loss: 1.95688, train_acc: 0.33633
[slurm61964909_gr070_gpu0_0] Sync: 0 success, 5 failed, 3 pending
Epoch 15 | val_loss: 1.16749, val_acc: 0.64340, train_loss: 1.95928, train_acc: 0.35709
[slurm61964909_gr070_gpu0_0] Sync: 0 success, 5 failed, 11 pending
Epoch 16 | val_loss: 1.13379, val_acc: 0.64520, train_loss: 1.93792, train_acc: 0.37098
[slurm61964909_gr070_gpu0_0] Sync: 0 success, 5 failed, 10 pending
Epoch 17 | val_loss: 1.12555, val_acc: 0.64920, train_loss: 1.92230, train_acc: 0.37502
[slurm61964909_gr070_gpu0_0] Sync: 0 success, 5 failed, 7 pending
Epoch 18 | val_loss: 1.10297, val_acc: 0.66640, train_loss: 1.91782, train_acc: 0.35922
[slurm61964909_gr070_gpu0_0] Sync: 0 success, 5 failed, 14 pending
Epoch 19 | val_loss: 1.09173, val_acc: 0.67160, train_loss: 1.91289, train_acc: 0.36976
[slurm61964909_gr070_gpu0_0] Sync: 0 success, 5 failed, 18 pending
Epoch 20 | val_loss: 1.08441, val_acc: 0.68380, train_loss: 1.90194, train_acc: 0.39004
[slurm61964909_gr070_gpu0_0] Sync: 0 success, 5 failed, 15 pending
Epoch 21 | val_loss: 1.06196, val_acc: 0.69160, train_loss: 1.87351, train_acc: 0.40300
[slurm61964909_gr070_gpu0_0] Sync: 0 success, 5 failed, 14 pending
Epoch 22 | val_loss: 1.05252, val_acc: 0.69340, train_loss: 1.87115, train_acc: 0.40978
[slurm61964909_gr070_gpu0_0] Sync: 0 success, 5 failed, 10 pending
Epoch 23 | val_loss: 1.02691, val_acc: 0.69480, train_loss: 1.86043, train_acc: 0.40560
[slurm61964909_gr070_gpu0_0] Sync: 0 success, 5 failed, 8 pending
Epoch 24 | val_loss: 1.01496, val_acc: 0.69840, train_loss: 1.85043, train_acc: 0.40369
Epoch 25 | val_loss: 1.02961, val_acc: 0.71020, train_loss: 1.84765, train_acc: 0.41344
[slurm61964909_gr070_gpu0_0] Sync: 0 success, 5 failed, 16 pending
Epoch 26 | val_loss: 1.03209, val_acc: 0.69940, train_loss: 1.85830, train_acc: 0.39460
[slurm61964909_gr070_gpu0_0] Sync: 0 success, 5 failed, 18 pending
Epoch 27 | val_loss: 1.04025, val_acc: 0.69680, train_loss: 1.84266, train_acc: 0.42844
Epoch 28 | val_loss: 1.02806, val_acc: 0.69180, train_loss: 1.84177, train_acc: 0.42940
[slurm61964909_gr070_gpu0_0] Sync: 0 success, 5 failed, 17 pending
Epoch 29 | val_loss: 0.97048, val_acc: 0.73320, train_loss: 1.84534, train_acc: 0.41840
[slurm61964909_gr070_gpu0_0] Sync: 0 success, 5 failed, 17 pending
Epoch 30 | val_loss: 0.95942, val_acc: 0.73940, train_loss: 1.82078, train_acc: 0.40856
Epoch 31 | val_loss: 0.97415, val_acc: 0.72760, train_loss: 1.83985, train_acc: 0.43378
[slurm61964909_gr070_gpu0_0] Sync: 0 success, 5 failed, 17 pending
Epoch 32 | val_loss: 0.95256, val_acc: 0.73180, train_loss: 1.80604, train_acc: 0.43656
[slurm61964909_gr070_gpu0_0] Sync: 0 success, 5 failed, 20 pending
Epoch 33 | val_loss: 0.94407, val_acc: 0.74160, train_loss: 1.82618, train_acc: 0.44024
Epoch 34 | val_loss: 0.95135, val_acc: 0.74280, train_loss: 1.81988, train_acc: 0.44224
[SyncHandler] Uploaded metrics.jsonl (metrics)
[slurm61964909_gr070_gpu0_0] Sync: 1 success, 4 failed, 18 pending
Epoch 35 | val_loss: 0.93486, val_acc: 0.74640, train_loss: 1.81709, train_acc: 0.44736
[slurm61964909_gr070_gpu0_0] Sync: 0 success, 5 failed, 19 pending
Epoch 36 | val_loss: 0.92122, val_acc: 0.74680, train_loss: 1.81437, train_acc: 0.43151
Epoch 37 | val_loss: 0.93634, val_acc: 0.74520, train_loss: 1.80170, train_acc: 0.45527
[slurm61964909_gr070_gpu0_0] Sync: 0 success, 5 failed, 18 pending
Epoch 38 | val_loss: 0.92377, val_acc: 0.75040, train_loss: 1.81761, train_acc: 0.44667
[SyncHandler] Uploaded events.jsonl (metrics)
[slurm61964909_gr070_gpu0_0] Sync: 1 success, 4 failed, 21 pending
Epoch 39 | val_loss: 0.90757, val_acc: 0.75320, train_loss: 1.78406, train_acc: 0.45964
Epoch 40 | val_loss: 0.92921, val_acc: 0.75240, train_loss: 1.78145, train_acc: 0.44298
[SyncHandler] Uploaded metadata.json (logs)
[slurm61964909_gr070_gpu0_0] Sync: 1 success, 4 failed, 20 pending
Epoch 41 | val_loss: 0.92407, val_acc: 0.75360, train_loss: 1.79038, train_acc: 0.45113
[slurm61964909_gr070_gpu0_0] Sync: 0 success, 5 failed, 19 pending
Epoch 42 | val_loss: 0.91159, val_acc: 0.75420, train_loss: 1.80294, train_acc: 0.41071
Epoch 43 | val_loss: 0.91821, val_acc: 0.75300, train_loss: 1.78790, train_acc: 0.44991
[slurm61964909_gr070_gpu0_0] Sync: 0 success, 5 failed, 17 pending
Epoch 44 | val_loss: 0.91088, val_acc: 0.75420, train_loss: 1.79119, train_acc: 0.45531
[slurm61964909_gr070_gpu0_0] Sync: 0 success, 5 failed, 19 pending
Epoch 45 | val_loss: 0.91182, val_acc: 0.75760, train_loss: 1.79783, train_acc: 0.45171
Epoch 46 | val_loss: 0.91360, val_acc: 0.76160, train_loss: 1.79167, train_acc: 0.43947
[slurm61964909_gr070_gpu0_0] Sync: 0 success, 5 failed, 23 pending
Epoch 47 | val_loss: 0.91239, val_acc: 0.75680, train_loss: 1.80716, train_acc: 0.43440
[slurm61964909_gr070_gpu0_0] Sync: 0 success, 5 failed, 24 pending
Epoch 48 | val_loss: 0.90962, val_acc: 0.75980, train_loss: 1.78359, train_acc: 0.44629
Epoch 49 | val_loss: 0.91163, val_acc: 0.75620, train_loss: 1.78093, train_acc: 0.46882
`Trainer.fit` stopped: `max_epochs=50` reached.
[slurm61964909_gr070_gpu0_0] Job 51ffc5bd-e581-4374-93f2-c9837cd5cb28 completed successfully
[slurm61964909_gr070_gpu0_0] Claimed job 3a20e7db-33d3-4283-a5ea-c447bd5b6b73 (priority=10)
[slurm61964909_gr070_gpu0_0] Executing job 3a20e7db-33d3-4283-a5ea-c447bd5b6b73 with _target_=dr_exp.trainers.decon_trainer.train_classification
GPU available: True (cuda), used: True
TPU available: False, using: 0 TPU cores
HPU available: False, using: 0 HPUs
LOCAL_RANK: 0 - CUDA_VISIBLE_DEVICES: [0]

  | Name      | Type             | Params | Mode 
-------------------------------------------------------
0 | model     | CifarAlexNet     | 2.4 M  | train
1 | criterion | CrossEntropyLoss | 0      | train
-------------------------------------------------------
2.4 M     Trainable params
0         Non-trainable params
2.4 M     Total params
9.768     Total estimated model params size (MB)
24        Modules in train mode
0         Modules in eval mode
Epoch 0 | val_loss: 2.34052, val_acc: 0.12891
[slurm61964909_gr070_gpu0_0] Sync: 0 success, 5 failed, 31 pending
Epoch 0 | val_loss: 1.98389, val_acc: 0.28540
Epoch 1 | val_loss: 1.75504, val_acc: 0.38000, train_loss: 2.38438, train_acc: 0.22056
[slurm61964909_gr070_gpu0_0] Sync: 0 success, 5 failed, 34 pending
Epoch 2 | val_loss: 1.59701, val_acc: 0.44100, train_loss: 2.06227, train_acc: 0.31791
Epoch 3 | val_loss: 1.54028, val_acc: 0.45600, train_loss: 1.88655, train_acc: 0.38742
[slurm61964909_gr070_gpu0_0] Sync: 0 success, 5 failed, 35 pending
Epoch 4 | val_loss: 1.39505, val_acc: 0.51560, train_loss: 1.79013, train_acc: 0.42780
Epoch 5 | val_loss: 1.29831, val_acc: 0.55300, train_loss: 1.69841, train_acc: 0.47124
[slurm61964909_gr070_gpu0_0] Sync: 0 success, 5 failed, 35 pending
Epoch 6 | val_loss: 1.25008, val_acc: 0.57500, train_loss: 1.62538, train_acc: 0.50722
Epoch 7 | val_loss: 1.25799, val_acc: 0.56840, train_loss: 1.54943, train_acc: 0.54067
[slurm61964909_gr070_gpu0_0] Sync: 0 success, 5 failed, 42 pending
Epoch 8 | val_loss: 1.23680, val_acc: 0.57600, train_loss: 1.51402, train_acc: 0.55811
Epoch 9 | val_loss: 1.07817, val_acc: 0.62700, train_loss: 1.47424, train_acc: 0.57796
[slurm61964909_gr070_gpu0_0] Sync: 0 success, 5 failed, 42 pending
Epoch 10 | val_loss: 1.06543, val_acc: 0.63040, train_loss: 1.44606, train_acc: 0.58400
Epoch 11 | val_loss: 1.08087, val_acc: 0.63800, train_loss: 1.39778, train_acc: 0.60727
[slurm61964909_gr070_gpu0_0] Sync: 0 success, 5 failed, 41 pending
Epoch 12 | val_loss: 1.00250, val_acc: 0.65920, train_loss: 1.36745, train_acc: 0.62356
Epoch 13 | val_loss: 1.02650, val_acc: 0.65260, train_loss: 1.36852, train_acc: 0.62109
Epoch 14 | val_loss: 0.99676, val_acc: 0.67440, train_loss: 1.33323, train_acc: 0.63636
[slurm61964909_gr070_gpu0_0] Sync: 0 success, 5 failed, 44 pending
Epoch 15 | val_loss: 0.99202, val_acc: 0.65900, train_loss: 1.32335, train_acc: 0.64176
Epoch 16 | val_loss: 0.99080, val_acc: 0.66680, train_loss: 1.31822, train_acc: 0.64451
[slurm61964909_gr070_gpu0_0] Sync: 0 success, 5 failed, 43 pending
Epoch 17 | val_loss: 0.96574, val_acc: 0.67920, train_loss: 1.29303, train_acc: 0.65600
Epoch 18 | val_loss: 1.01500, val_acc: 0.65840, train_loss: 1.27911, train_acc: 0.66500
[slurm61964909_gr070_gpu0_0] Sync: 0 success, 5 failed, 42 pending
Epoch 19 | val_loss: 0.93372, val_acc: 0.69380, train_loss: 1.28062, train_acc: 0.66271
Epoch 20 | val_loss: 1.03246, val_acc: 0.65580, train_loss: 1.26261, train_acc: 0.66998
[slurm61964909_gr070_gpu0_0] Sync: 0 success, 5 failed, 46 pending
Epoch 21 | val_loss: 0.98254, val_acc: 0.67360, train_loss: 1.26782, train_acc: 0.66722
Epoch 22 | val_loss: 0.93885, val_acc: 0.69340, train_loss: 1.25878, train_acc: 0.67367
[slurm61964909_gr070_gpu0_0] Sync: 0 success, 5 failed, 53 pending
Epoch 23 | val_loss: 0.95896, val_acc: 0.69260, train_loss: 1.23794, train_acc: 0.68022
Epoch 24 | val_loss: 0.94370, val_acc: 0.68140, train_loss: 1.23627, train_acc: 0.68402
[slurm61964909_gr070_gpu0_0] Sync: 0 success, 5 failed, 57 pending
Epoch 25 | val_loss: 0.93363, val_acc: 0.69840, train_loss: 1.23121, train_acc: 0.68284
Epoch 26 | val_loss: 0.87230, val_acc: 0.71340, train_loss: 1.22031, train_acc: 0.68749
[slurm61964909_gr070_gpu0_0] Sync: 0 success, 5 failed, 58 pending
Epoch 27 | val_loss: 0.89145, val_acc: 0.70100, train_loss: 1.22688, train_acc: 0.68529
Epoch 28 | val_loss: 0.90167, val_acc: 0.70980, train_loss: 1.20406, train_acc: 0.69504
Epoch 29 | val_loss: 0.92573, val_acc: 0.69160, train_loss: 1.21846, train_acc: 0.69060
[slurm61964909_gr070_gpu0_0] Sync: 0 success, 5 failed, 57 pending
Epoch 30 | val_loss: 0.70380, val_acc: 0.77740, train_loss: 1.20362, train_acc: 0.69487
Epoch 31 | val_loss: 0.67988, val_acc: 0.78140, train_loss: 1.02853, train_acc: 0.77049
[slurm61964909_gr070_gpu0_0] Sync: 0 success, 5 failed, 56 pending
Epoch 32 | val_loss: 0.66030, val_acc: 0.79420, train_loss: 0.97391, train_acc: 0.79349
Epoch 33 | val_loss: 0.64965, val_acc: 0.79640, train_loss: 0.95080, train_acc: 0.80462
[slurm61964909_gr070_gpu0_0] Sync: 0 success, 5 failed, 55 pending
Epoch 34 | val_loss: 0.65266, val_acc: 0.79600, train_loss: 0.93640, train_acc: 0.81073
Epoch 35 | val_loss: 0.64847, val_acc: 0.79720, train_loss: 0.92295, train_acc: 0.81684
[slurm61964909_gr070_gpu0_0] Sync: 0 success, 5 failed, 54 pending
Epoch 36 | val_loss: 0.62476, val_acc: 0.80860, train_loss: 0.90958, train_acc: 0.82424
Epoch 37 | val_loss: 0.62567, val_acc: 0.80340, train_loss: 0.90245, train_acc: 0.82780
[slurm61964909_gr070_gpu0_0] Sync: 0 success, 5 failed, 58 pending
Epoch 38 | val_loss: 0.64558, val_acc: 0.80320, train_loss: 0.88789, train_acc: 0.83229
Epoch 39 | val_loss: 0.60573, val_acc: 0.80660, train_loss: 0.88225, train_acc: 0.83540
[slurm61964909_gr070_gpu0_0] Sync: 0 success, 5 failed, 58 pending
Epoch 40 | val_loss: 0.61528, val_acc: 0.80900, train_loss: 0.87576, train_acc: 0.83916
Epoch 41 | val_loss: 0.61719, val_acc: 0.80860, train_loss: 0.86630, train_acc: 0.84251
[slurm61964909_gr070_gpu0_0] Sync: 0 success, 5 failed, 58 pending
Epoch 42 | val_loss: 0.60469, val_acc: 0.81260, train_loss: 0.85730, train_acc: 0.84702
Epoch 43 | val_loss: 0.62057, val_acc: 0.80660, train_loss: 0.85432, train_acc: 0.84796
Epoch 44 | val_loss: 0.60024, val_acc: 0.81060, train_loss: 0.84833, train_acc: 0.85176
[slurm61964909_gr070_gpu0_0] Sync: 0 success, 5 failed, 58 pending
Epoch 45 | val_loss: 0.61218, val_acc: 0.80860, train_loss: 0.84281, train_acc: 0.85404
Epoch 46 | val_loss: 0.59836, val_acc: 0.81400, train_loss: 0.83841, train_acc: 0.85524
[slurm61964909_gr070_gpu0_0] Sync: 0 success, 5 failed, 58 pending
Epoch 47 | val_loss: 0.57441, val_acc: 0.82280, train_loss: 0.82939, train_acc: 0.86104
Epoch 48 | val_loss: 0.59276, val_acc: 0.82160, train_loss: 0.82864, train_acc: 0.85984
[slurm61964909_gr070_gpu0_0] Sync: 0 success, 5 failed, 58 pending
Epoch 49 | val_loss: 0.58427, val_acc: 0.82100, train_loss: 0.82226, train_acc: 0.86349
`Trainer.fit` stopped: `max_epochs=50` reached.
[slurm61964909_gr070_gpu0_0] Job 3a20e7db-33d3-4283-a5ea-c447bd5b6b73 completed successfully
[slurm61964909_gr070_gpu0_0] Claimed job 2cdffe79-17b8-4845-aa6d-7835096a9950 (priority=10)
[slurm61964909_gr070_gpu0_0] Executing job 2cdffe79-17b8-4845-aa6d-7835096a9950 with _target_=dr_exp.trainers.decon_trainer.train_classification
GPU available: True (cuda), used: True
TPU available: False, using: 0 TPU cores
HPU available: False, using: 0 HPUs
LOCAL_RANK: 0 - CUDA_VISIBLE_DEVICES: [0]

  | Name      | Type             | Params | Mode 
-------------------------------------------------------
0 | model     | CifarResNet18    | 11.2 M | train
1 | criterion | CrossEntropyLoss | 0      | train
-------------------------------------------------------
11.2 M    Trainable params
0         Non-trainable params
11.2 M    Total params
44.657    Total estimated model params size (MB)
70        Modules in train mode
0         Modules in eval mode
Epoch 0 | val_loss: 2.30258, val_acc: 0.08203
[slurm61964909_gr070_gpu0_0] Sync: 0 success, 5 failed, 62 pending
[slurm61964909_gr070_gpu0_0] Sync: 0 success, 5 failed, 70 pending
Epoch 0 | val_loss: 2.30686, val_acc: 0.09480
[slurm61964909_gr070_gpu0_0] Sync: 0 success, 5 failed, 74 pending
Epoch 1 | val_loss: 2.30393, val_acc: 0.09340, train_loss: 2.30396, train_acc: 0.09933
[slurm61964909_gr070_gpu0_0] Sync: 0 success, 5 failed, 74 pending
[slurm61964909_gr070_gpu0_0] Sync: 0 success, 5 failed, 78 pending
Epoch 2 | val_loss: 2.30776, val_acc: 0.09340, train_loss: 2.30402, train_acc: 0.10189
[slurm61964909_gr070_gpu0_0] Sync: 0 success, 5 failed, 82 pending
[slurm61964909_gr070_gpu0_0] Sync: 0 success, 5 failed, 82 pending
Epoch 3 | val_loss: 2.30308, val_acc: 0.09900, train_loss: 2.30400, train_acc: 0.09842
[slurm61964909_gr070_gpu0_0] Sync: 0 success, 5 failed, 86 pending
[slurm61964909_gr070_gpu0_0] Sync: 0 success, 5 failed, 86 pending
Epoch 4 | val_loss: 2.30299, val_acc: 0.09980, train_loss: 2.30410, train_acc: 0.09676
[slurm61964909_gr070_gpu0_0] Sync: 0 success, 5 failed, 86 pending
Epoch 5 | val_loss: 2.30510, val_acc: 0.09980, train_loss: 2.30386, train_acc: 0.09989
[slurm61964909_gr070_gpu0_0] Sync: 0 success, 5 failed, 86 pending
[slurm61964909_gr070_gpu0_0] Sync: 0 success, 5 failed, 90 pending
Epoch 6 | val_loss: 2.30330, val_acc: 0.09340, train_loss: 2.30406, train_acc: 0.09842
[slurm61964909_gr070_gpu0_0] Sync: 0 success, 5 failed, 94 pending
[slurm61964909_gr070_gpu0_0] Sync: 0 success, 5 failed, 94 pending
Epoch 7 | val_loss: 2.30328, val_acc: 0.09900, train_loss: 2.30412, train_acc: 0.09918
[slurm61964909_gr070_gpu0_0] Sync: 0 success, 5 failed, 94 pending
[slurm61964909_gr070_gpu0_0] Sync: 0 success, 5 failed, 94 pending
Epoch 8 | val_loss: 2.30593, val_acc: 0.09340, train_loss: 2.30405, train_acc: 0.09829
[slurm61964909_gr070_gpu0_0] Sync: 0 success, 5 failed, 98 pending
Epoch 9 | val_loss: 2.30495, val_acc: 0.09480, train_loss: 2.30421, train_acc: 0.09762
[slurm61964909_gr070_gpu0_0] Sync: 0 success, 5 failed, 106 pending
[slurm61964909_gr070_gpu0_0] Sync: 0 success, 5 failed, 106 pending
Epoch 10 | val_loss: 2.30250, val_acc: 0.11100, train_loss: 2.30435, train_acc: 0.09662
[slurm61964909_gr070_gpu0_0] Sync: 0 success, 5 failed, 106 pending
[slurm61964909_gr070_gpu0_0] Sync: 0 success, 5 failed, 106 pending
Epoch 11 | val_loss: 2.30424, val_acc: 0.09340, train_loss: 2.30440, train_acc: 0.09873
[slurm61964909_gr070_gpu0_0] Sync: 0 success, 5 failed, 106 pending
[slurm61964909_gr070_gpu0_0] Sync: 0 success, 5 failed, 110 pending
Epoch 12 | val_loss: 2.30599, val_acc: 0.09900, train_loss: 2.30383, train_acc: 0.10238
[slurm61964909_gr070_gpu0_0] Sync: 0 success, 5 failed, 110 pending
Epoch 13 | val_loss: 2.30221, val_acc: 0.09900, train_loss: 2.30413, train_acc: 0.09973
[slurm61964909_gr070_gpu0_0] Sync: 0 success, 5 failed, 110 pending
[slurm61964909_gr070_gpu0_0] Sync: 0 success, 5 failed, 118 pending
Epoch 14 | val_loss: 2.30476, val_acc: 0.09420, train_loss: 2.30399, train_acc: 0.09920
[slurm61964909_gr070_gpu0_0] Sync: 0 success, 5 failed, 118 pending
[slurm61964909_gr070_gpu0_0] Sync: 0 success, 5 failed, 118 pending
Epoch 15 | val_loss: 2.30456, val_acc: 0.09800, train_loss: 2.30405, train_acc: 0.10029
[slurm61964909_gr070_gpu0_0] Sync: 0 success, 5 failed, 118 pending
Epoch 16 | val_loss: 2.30324, val_acc: 0.09900, train_loss: 2.30410, train_acc: 0.09953
[slurm61964909_gr070_gpu0_0] Sync: 0 success, 5 failed, 118 pending
[slurm61964909_gr070_gpu0_0] Sync: 0 success, 5 failed, 118 pending
Epoch 17 | val_loss: 2.30333, val_acc: 0.09340, train_loss: 2.30420, train_acc: 0.10044
[slurm61964909_gr070_gpu0_0] Sync: 0 success, 5 failed, 118 pending
[slurm61964909_gr070_gpu0_0] Sync: 0 success, 5 failed, 122 pending
Epoch 18 | val_loss: 2.30428, val_acc: 0.09420, train_loss: 2.30404, train_acc: 0.09722
[slurm61964909_gr070_gpu0_0] Sync: 0 success, 5 failed, 126 pending
[slurm61964909_gr070_gpu0_0] Sync: 0 success, 5 failed, 130 pending
Epoch 19 | val_loss: 2.30396, val_acc: 0.10260, train_loss: 2.30398, train_acc: 0.09724
[slurm61964909_gr070_gpu0_0] Sync: 0 success, 5 failed, 130 pending
Epoch 20 | val_loss: 2.30615, val_acc: 0.09480, train_loss: 2.30399, train_acc: 0.10178
[slurm61964909_gr070_gpu0_0] Sync: 0 success, 5 failed, 138 pending
[slurm61964909_gr070_gpu0_0] Sync: 0 success, 5 failed, 138 pending
Epoch 21 | val_loss: 2.30542, val_acc: 0.09800, train_loss: 2.30407, train_acc: 0.10169
[slurm61964909_gr070_gpu0_0] Sync: 0 success, 5 failed, 142 pending
[slurm61964909_gr070_gpu0_0] Sync: 0 success, 5 failed, 142 pending
Epoch 22 | val_loss: 2.30421, val_acc: 0.09900, train_loss: 2.30412, train_acc: 0.10031
[slurm61964909_gr070_gpu0_0] Sync: 0 success, 5 failed, 142 pending
Epoch 23 | val_loss: 2.30271, val_acc: 0.11100, train_loss: 2.30433, train_acc: 0.09967
[slurm61964909_gr070_gpu0_0] Sync: 0 success, 5 failed, 142 pending
[slurm61964909_gr070_gpu0_0] Sync: 0 success, 5 failed, 142 pending
Epoch 24 | val_loss: 2.30291, val_acc: 0.10260, train_loss: 2.30406, train_acc: 0.09871
[slurm61964909_gr070_gpu0_0] Sync: 0 success, 5 failed, 142 pending
[slurm61964909_gr070_gpu0_0] Sync: 0 success, 5 failed, 142 pending
Epoch 25 | val_loss: 2.30376, val_acc: 0.10260, train_loss: 2.30434, train_acc: 0.09922
[slurm61964909_gr070_gpu0_0] Sync: 0 success, 5 failed, 142 pending
[slurm61964909_gr070_gpu0_0] Sync: 0 success, 5 failed, 146 pending
Epoch 26 | val_loss: 2.30665, val_acc: 0.09340, train_loss: 2.30434, train_acc: 0.09644
[slurm61964909_gr070_gpu0_0] Sync: 0 success, 5 failed, 146 pending
Epoch 27 | val_loss: 2.30713, val_acc: 0.09480, train_loss: 2.30396, train_acc: 0.10220
[slurm61964909_gr070_gpu0_0] Sync: 0 success, 5 failed, 150 pending
[slurm61964909_gr070_gpu0_0] Sync: 0 success, 5 failed, 154 pending
Epoch 28 | val_loss: 2.30286, val_acc: 0.10260, train_loss: 2.30380, train_acc: 0.10091
[slurm61964909_gr070_gpu0_0] Sync: 0 success, 5 failed, 154 pending
[slurm61964909_gr070_gpu0_0] Sync: 0 success, 5 failed, 153 pending
Epoch 29 | val_loss: 2.30227, val_acc: 0.10260, train_loss: 2.30415, train_acc: 0.09907
[slurm61964909_gr070_gpu0_0] Sync: 0 success, 5 failed, 152 pending
Epoch 30 | val_loss: 2.30279, val_acc: 0.09340, train_loss: 2.30404, train_acc: 0.09833
[slurm61964909_gr070_gpu0_0] Sync: 0 success, 5 failed, 151 pending
[slurm61964909_gr070_gpu0_0] Sync: 0 success, 5 failed, 150 pending
Epoch 31 | val_loss: 2.30305, val_acc: 0.09800, train_loss: 2.30292, train_acc: 0.09858
[slurm61964909_gr070_gpu0_0] Sync: 0 success, 5 failed, 153 pending
Epoch 32 | val_loss: 2.30332, val_acc: 0.09420, train_loss: 2.30277, train_acc: 0.09762
[slurm61964909_gr070_gpu0_0] Sync: 0 success, 5 failed, 157 pending
[slurm61964909_gr070_gpu0_0] Sync: 0 success, 5 failed, 157 pending
Epoch 33 | val_loss: 2.30316, val_acc: 0.09480, train_loss: 2.30275, train_acc: 0.09944
[slurm61964909_gr070_gpu0_0] Sync: 0 success, 5 failed, 157 pending
Epoch 34 | val_loss: 2.30323, val_acc: 0.09900, train_loss: 2.30276, train_acc: 0.09922
[slurm61964909_gr070_gpu0_0] Sync: 0 success, 5 failed, 157 pending
[slurm61964909_gr070_gpu0_0] Sync: 0 success, 5 failed, 156 pending
Epoch 35 | val_loss: 2.30268, val_acc: 0.09480, train_loss: 2.30279, train_acc: 0.09811
[slurm61964909_gr070_gpu0_0] Sync: 0 success, 5 failed, 155 pending
[slurm61964909_gr070_gpu0_0] Sync: 0 success, 5 failed, 166 pending
Epoch 36 | val_loss: 2.30295, val_acc: 0.09800, train_loss: 2.30272, train_acc: 0.10107
[slurm61964909_gr070_gpu0_0] Sync: 0 success, 5 failed, 169 pending
Epoch 37 | val_loss: 2.30296, val_acc: 0.10260, train_loss: 2.30280, train_acc: 0.09907
[slurm61964909_gr070_gpu0_0] Sync: 0 success, 5 failed, 169 pending
[slurm61964909_gr070_gpu0_0] Sync: 0 success, 5 failed, 169 pending
Epoch 38 | val_loss: 2.30274, val_acc: 0.09420, train_loss: 2.30273, train_acc: 0.09609
[slurm61964909_gr070_gpu0_0] Sync: 0 success, 5 failed, 169 pending
Epoch 39 | val_loss: 2.30277, val_acc: 0.09800, train_loss: 2.30279, train_acc: 0.09684
[slurm61964909_gr070_gpu0_0] Sync: 0 success, 5 failed, 169 pending
[slurm61964909_gr070_gpu0_0] Sync: 0 success, 5 failed, 168 pending
Epoch 40 | val_loss: 2.30281, val_acc: 0.09900, train_loss: 2.30276, train_acc: 0.09833
[slurm61964909_gr070_gpu0_0] Sync: 0 success, 5 failed, 167 pending
Epoch 41 | val_loss: 2.30293, val_acc: 0.09980, train_loss: 2.30277, train_acc: 0.09989
[slurm61964909_gr070_gpu0_0] Sync: 0 success, 5 failed, 174 pending
[slurm61964909_gr070_gpu0_0] Sync: 0 success, 5 failed, 173 pending
Epoch 42 | val_loss: 2.30298, val_acc: 0.10260, train_loss: 2.30276, train_acc: 0.09898
[slurm61964909_gr070_gpu0_0] Sync: 0 success, 5 failed, 173 pending
[slurm61964909_gr070_gpu0_0] Sync: 0 success, 5 failed, 173 pending
Epoch 43 | val_loss: 2.30266, val_acc: 0.10260, train_loss: 2.30279, train_acc: 0.09678
[slurm61964909_gr070_gpu0_0] Sync: 0 success, 5 failed, 173 pending
Epoch 44 | val_loss: 2.30280, val_acc: 0.10260, train_loss: 2.30275, train_acc: 0.10013
[slurm61964909_gr070_gpu0_0] Sync: 0 success, 5 failed, 177 pending
[slurm61964909_gr070_gpu0_0] Sync: 0 success, 5 failed, 176 pending
Epoch 45 | val_loss: 2.30263, val_acc: 0.09900, train_loss: 2.30280, train_acc: 0.09789
[SyncHandler] Uploaded config.json (logs)
[slurm61964909_gr070_gpu0_0] Sync: 1 success, 4 failed, 175 pending
Epoch 46 | val_loss: 2.30299, val_acc: 0.10260, train_loss: 2.30282, train_acc: 0.09831
[SyncHandler] Uploaded metrics.jsonl (metrics)
[slurm61964909_gr070_gpu0_0] Sync: 1 success, 4 failed, 178 pending
[SyncHandler] Uploaded events.jsonl (metrics)
[slurm61964909_gr070_gpu0_0] Sync: 1 success, 4 failed, 181 pending
Epoch 47 | val_loss: 2.30290, val_acc: 0.09980, train_loss: 2.30273, train_acc: 0.10049
[slurm61964909_gr070_gpu0_0] Sync: 0 success, 5 failed, 181 pending
Epoch 48 | val_loss: 2.30295, val_acc: 0.09980, train_loss: 2.30277, train_acc: 0.09722
[SyncHandler] Uploaded metadata.json (logs)
[slurm61964909_gr070_gpu0_0] Sync: 1 success, 4 failed, 180 pending
[SyncHandler] Uploaded config.json (logs)
[slurm61964909_gr070_gpu0_0] Sync: 1 success, 4 failed, 179 pending
Epoch 49 | val_loss: 2.30317, val_acc: 0.09480, train_loss: 2.30279, train_acc: 0.09849
`Trainer.fit` stopped: `max_epochs=50` reached.
[slurm61964909_gr070_gpu0_0] Job 2cdffe79-17b8-4845-aa6d-7835096a9950 completed successfully
[slurm61964909_gr070_gpu0_0] No jobs available
[slurm61964909_gr070_gpu0_0] No jobs available
[SyncHandler] Uploaded metrics.jsonl (metrics)
[slurm61964909_gr070_gpu0_0] Sync: 1 success, 4 failed, 186 pending
[slurm61964909_gr070_gpu0_0] No jobs available
[slurm61964909_gr070_gpu0_0] No jobs available
[slurm61964909_gr070_gpu0_0] No jobs available
[SyncHandler] Uploaded events.jsonl (metrics)
[slurm61964909_gr070_gpu0_0] Sync: 1 success, 4 failed, 185 pending
[slurm61964909_gr070_gpu0_0] No jobs available
[slurm61964909_gr070_gpu0_0] No jobs available
[slurm61964909_gr070_gpu0_0] No jobs available
[SyncHandler] Uploaded metadata.json (logs)
[slurm61964909_gr070_gpu0_0] Sync: 1 success, 4 failed, 184 pending
[slurm61964909_gr070_gpu0_0] No jobs available
[slurm61964909_gr070_gpu0_0] No jobs available
[slurm61964909_gr070_gpu0_0] No jobs available
[slurm61964909_gr070_gpu0_0] Sync: 0 success, 5 failed, 183 pending
[slurm61964909_gr070_gpu0_0] No jobs available
[slurm61964909_gr070_gpu0_0] No jobs available
[slurm61964909_gr070_gpu0_0] No jobs available
[slurm61964909_gr070_gpu0_0] Sync: 0 success, 5 failed, 182 pending
[slurm61964909_gr070_gpu0_0] No jobs available
[slurm61964909_gr070_gpu0_0] No jobs available
[slurm61964909_gr070_gpu0_0] No jobs available
[slurm61964909_gr070_gpu0_0] No jobs available
[slurm61964909_gr070_gpu0_0] Sync: 0 success, 5 failed, 190 pending
[slurm61964909_gr070_gpu0_0] No jobs available
[slurm61964909_gr070_gpu0_0] No jobs available
[slurm61964909_gr070_gpu0_0] No jobs available
[slurm61964909_gr070_gpu0_0] Sync: 0 success, 5 failed, 190 pending
[slurm61964909_gr070_gpu0_0] No jobs available
[slurm61964909_gr070_gpu0_0] No jobs available
[slurm61964909_gr070_gpu0_0] No jobs available
[slurm61964909_gr070_gpu0_0] Sync: 0 success, 5 failed, 190 pending
[slurm61964909_gr070_gpu0_0] No jobs available
[slurm61964909_gr070_gpu0_0] No jobs available
[slurm61964909_gr070_gpu0_0] No jobs available
[slurm61964909_gr070_gpu0_0] Sync: 0 success, 5 failed, 194 pending
[slurm61964909_gr070_gpu0_0] No jobs available
[slurm61964909_gr070_gpu0_0] No jobs available
[slurm61964909_gr070_gpu0_0] No jobs available
[slurm61964909_gr070_gpu0_0] Sync: 0 success, 5 failed, 194 pending
[slurm61964909_gr070_gpu0_0] No jobs available
[slurm61964909_gr070_gpu0_0] No jobs available
[slurm61964909_gr070_gpu0_0] No jobs available
[slurm61964909_gr070_gpu0_0] Sync: 0 success, 5 failed, 198 pending
[slurm61964909_gr070_gpu0_0] No jobs available
[slurm61964909_gr070_gpu0_0] No jobs available
[slurm61964909_gr070_gpu0_0] No jobs available
[slurm61964909_gr070_gpu0_0] No jobs available
[slurm61964909_gr070_gpu0_0] Sync: 0 success, 5 failed, 198 pending
[slurm61964909_gr070_gpu0_0] No jobs available
[slurm61964909_gr070_gpu0_0] No jobs available
[slurm61964909_gr070_gpu0_0] No jobs available
[slurm61964909_gr070_gpu0_0] Sync: 0 success, 5 failed, 198 pending
[slurm61964909_gr070_gpu0_0] No jobs available
[slurm61964909_gr070_gpu0_0] No jobs available
[slurm61964909_gr070_gpu0_0] No jobs available
[slurm61964909_gr070_gpu0_0] Sync: 0 success, 5 failed, 206 pending
[slurm61964909_gr070_gpu0_0] No jobs available
[slurm61964909_gr070_gpu0_0] No jobs available
[slurm61964909_gr070_gpu0_0] No jobs available
[slurm61964909_gr070_gpu0_0] Sync: 0 success, 5 failed, 206 pending
[slurm61964909_gr070_gpu0_0] No jobs available
[slurm61964909_gr070_gpu0_0] No jobs available
[slurm61964909_gr070_gpu0_0] No jobs available
[slurm61964909_gr070_gpu0_0] Sync: 0 success, 5 failed, 206 pending
[slurm61964909_gr070_gpu0_0] No jobs available
[slurm61964909_gr070_gpu0_0] No jobs available
[slurm61964909_gr070_gpu0_0] No jobs available
[slurm61964909_gr070_gpu0_0] Sync: 0 success, 5 failed, 206 pending
[slurm61964909_gr070_gpu0_0] No jobs available
[slurm61964909_gr070_gpu0_0] No jobs available
[slurm61964909_gr070_gpu0_0] No jobs available
[slurm61964909_gr070_gpu0_0] Sync: 0 success, 5 failed, 206 pending
[slurm61964909_gr070_gpu0_0] No jobs available
[slurm61964909_gr070_gpu0_0] No jobs available
[slurm61964909_gr070_gpu0_0] No jobs available
[slurm61964909_gr070_gpu0_0] No jobs available
[slurm61964909_gr070_gpu0_0] Sync: 0 success, 5 failed, 206 pending
[slurm61964909_gr070_gpu0_0] No jobs available
[slurm61964909_gr070_gpu0_0] No jobs available
[slurm61964909_gr070_gpu0_0] No jobs available
[slurm61964909_gr070_gpu0_0] Sync: 0 success, 5 failed, 206 pending
[slurm61964909_gr070_gpu0_0] No jobs available
[slurm61964909_gr070_gpu0_0] No jobs available
[slurm61964909_gr070_gpu0_0] No jobs available
[slurm61964909_gr070_gpu0_0] Sync: 0 success, 5 failed, 206 pending
[slurm61964909_gr070_gpu0_0] No jobs available
[slurm61964909_gr070_gpu0_0] No jobs available
[slurm61964909_gr070_gpu0_0] No jobs available
[slurm61964909_gr070_gpu0_0] Sync: 0 success, 5 failed, 206 pending
[slurm61964909_gr070_gpu0_0] No jobs available
[slurm61964909_gr070_gpu0_0] No jobs available
[slurm61964909_gr070_gpu0_0] No jobs available
[slurm61964909_gr070_gpu0_0] Sync: 0 success, 5 failed, 206 pending
[slurm61964909_gr070_gpu0_0] No jobs available
[slurm61964909_gr070_gpu0_0] No jobs available
[slurm61964909_gr070_gpu0_0] No jobs available
[slurm61964909_gr070_gpu0_0] Sync: 0 success, 5 failed, 206 pending
[slurm61964909_gr070_gpu0_0] No jobs available
[slurm61964909_gr070_gpu0_0] No jobs available
[slurm61964909_gr070_gpu0_0] No jobs available
[slurm61964909_gr070_gpu0_0] Sync: 0 success, 5 failed, 206 pending
[slurm61964909_gr070_gpu0_0] No jobs available
[slurm61964909_gr070_gpu0_0] No jobs available
[slurm61964909_gr070_gpu0_0] No jobs available
[slurm61964909_gr070_gpu0_0] No jobs available
[slurm61964909_gr070_gpu0_0] Sync: 0 success, 5 failed, 206 pending
[slurm61964909_gr070_gpu0_0] No jobs available
[slurm61964909_gr070_gpu0_0] No jobs available
[slurm61964909_gr070_gpu0_0] No jobs available
[slurm61964909_gr070_gpu0_0] Sync: 0 success, 5 failed, 206 pending
[slurm61964909_gr070_gpu0_0] No jobs available
[slurm61964909_gr070_gpu0_0] No jobs available
[slurm61964909_gr070_gpu0_0] No jobs available
[slurm61964909_gr070_gpu0_0] Sync: 0 success, 5 failed, 206 pending
[slurm61964909_gr070_gpu0_0] No jobs available
[slurm61964909_gr070_gpu0_0] No jobs available
[slurm61964909_gr070_gpu0_0] No jobs available
[slurm61964909_gr070_gpu0_0] Sync: 0 success, 5 failed, 206 pending
[slurm61964909_gr070_gpu0_0] No jobs available
[slurm61964909_gr070_gpu0_0] No jobs available
[slurm61964909_gr070_gpu0_0] No jobs available
[slurm61964909_gr070_gpu0_0] Sync: 0 success, 5 failed, 210 pending
[slurm61964909_gr070_gpu0_0] No jobs available
[slurm61964909_gr070_gpu0_0] No jobs available
[slurm61964909_gr070_gpu0_0] No jobs available
[slurm61964909_gr070_gpu0_0] Sync: 0 success, 5 failed, 210 pending
[slurm61964909_gr070_gpu0_0] No jobs available
[slurm61964909_gr070_gpu0_0] No jobs available
[slurm61964909_gr070_gpu0_0] No jobs available
[slurm61964909_gr070_gpu0_0] Sync: 0 success, 5 failed, 210 pending
[slurm61964909_gr070_gpu0_0] No jobs available
[slurm61964909_gr070_gpu0_0] No jobs available
[slurm61964909_gr070_gpu0_0] No jobs available
[slurm61964909_gr070_gpu0_0] No jobs available
[slurm61964909_gr070_gpu0_0] Sync: 0 success, 5 failed, 210 pending
[slurm61964909_gr070_gpu0_0] No jobs available
[slurm61964909_gr070_gpu0_0] No jobs available
[slurm61964909_gr070_gpu0_0] No jobs available
[slurm61964909_gr070_gpu0_0] Sync: 0 success, 5 failed, 210 pending
[slurm61964909_gr070_gpu0_0] No jobs available
[slurm61964909_gr070_gpu0_0] No jobs available
[slurm61964909_gr070_gpu0_0] No jobs available
[slurm61964909_gr070_gpu0_0] Sync: 0 success, 5 failed, 210 pending
[slurm61964909_gr070_gpu0_0] No jobs available
[slurm61964909_gr070_gpu0_0] No jobs available
[slurm61964909_gr070_gpu0_0] No jobs available
[slurm61964909_gr070_gpu0_0] Sync: 0 success, 5 failed, 210 pending
[slurm61964909_gr070_gpu0_0] No jobs available
[slurm61964909_gr070_gpu0_0] No jobs available
[slurm61964909_gr070_gpu0_0] No jobs available
[slurm61964909_gr070_gpu0_0] Sync: 0 success, 5 failed, 210 pending
[slurm61964909_gr070_gpu0_0] No jobs available
[slurm61964909_gr070_gpu0_0] No jobs available
[slurm61964909_gr070_gpu0_0] No jobs available
[slurm61964909_gr070_gpu0_0] Sync: 0 success, 5 failed, 210 pending
[slurm61964909_gr070_gpu0_0] No jobs available
[slurm61964909_gr070_gpu0_0] No jobs available
[slurm61964909_gr070_gpu0_0] No jobs available
[slurm61964909_gr070_gpu0_0] No jobs available
[slurm61964909_gr070_gpu0_0] Sync: 0 success, 5 failed, 210 pending
[slurm61964909_gr070_gpu0_0] No jobs available
[slurm61964909_gr070_gpu0_0] No jobs available
[slurm61964909_gr070_gpu0_0] No jobs available
[slurm61964909_gr070_gpu0_0] Sync: 0 success, 5 failed, 210 pending
[slurm61964909_gr070_gpu0_0] No jobs available
[slurm61964909_gr070_gpu0_0] No jobs available
[slurm61964909_gr070_gpu0_0] No jobs available
[slurm61964909_gr070_gpu0_0] Sync: 0 success, 5 failed, 210 pending
[slurm61964909_gr070_gpu0_0] No jobs available
[slurm61964909_gr070_gpu0_0] No jobs available
[slurm61964909_gr070_gpu0_0] No jobs available
[slurm61964909_gr070_gpu0_0] Sync: 0 success, 5 failed, 210 pending
[slurm61964909_gr070_gpu0_0] No jobs available
[slurm61964909_gr070_gpu0_0] No jobs available
[slurm61964909_gr070_gpu0_0] No jobs available
[slurm61964909_gr070_gpu0_0] Sync: 0 success, 5 failed, 210 pending
[slurm61964909_gr070_gpu0_0] No jobs available
[slurm61964909_gr070_gpu0_0] No jobs available
[slurm61964909_gr070_gpu0_0] No jobs available
[slurm61964909_gr070_gpu0_0] Sync: 0 success, 5 failed, 210 pending
[slurm61964909_gr070_gpu0_0] No jobs available
[slurm61964909_gr070_gpu0_0] No jobs available
[slurm61964909_gr070_gpu0_0] No jobs available
[slurm61964909_gr070_gpu0_0] No jobs available
[slurm61964909_gr070_gpu0_0] Sync: 0 success, 5 failed, 210 pending
[slurm61964909_gr070_gpu0_0] No jobs available
[slurm61964909_gr070_gpu0_0] No jobs available
[slurm61964909_gr070_gpu0_0] No jobs available
[slurm61964909_gr070_gpu0_0] Sync: 0 success, 5 failed, 210 pending
[slurm61964909_gr070_gpu0_0] No jobs available
[slurm61964909_gr070_gpu0_0] No jobs available
[slurm61964909_gr070_gpu0_0] No jobs available
[slurm61964909_gr070_gpu0_0] Sync: 0 success, 5 failed, 210 pending
[slurm61964909_gr070_gpu0_0] No jobs available
[slurm61964909_gr070_gpu0_0] No jobs available
[slurm61964909_gr070_gpu0_0] No jobs available
[slurm61964909_gr070_gpu0_0] Sync: 0 success, 5 failed, 210 pending
[slurm61964909_gr070_gpu0_0] No jobs available
[slurm61964909_gr070_gpu0_0] No jobs available
[slurm61964909_gr070_gpu0_0] No jobs available
[slurm61964909_gr070_gpu0_0] Sync: 0 success, 5 failed, 210 pending
[slurm61964909_gr070_gpu0_0] No jobs available
[slurm61964909_gr070_gpu0_0] No jobs available
[slurm61964909_gr070_gpu0_0] No jobs available
[slurm61964909_gr070_gpu0_0] Sync: 0 success, 5 failed, 210 pending
[slurm61964909_gr070_gpu0_0] No jobs available
[slurm61964909_gr070_gpu0_0] No jobs available
[slurm61964909_gr070_gpu0_0] No jobs available
[slurm61964909_gr070_gpu0_0] Sync: 0 success, 5 failed, 210 pending
[slurm61964909_gr070_gpu0_0] No jobs available
[slurm61964909_gr070_gpu0_0] No jobs available
[slurm61964909_gr070_gpu0_0] No jobs available
[slurm61964909_gr070_gpu0_0] No jobs available
[slurm61964909_gr070_gpu0_0] Sync: 0 success, 5 failed, 210 pending
[slurm61964909_gr070_gpu0_0] No jobs available
[slurm61964909_gr070_gpu0_0] No jobs available
[slurm61964909_gr070_gpu0_0] No jobs available
[slurm61964909_gr070_gpu0_0] Sync: 0 success, 5 failed, 210 pending
[slurm61964909_gr070_gpu0_0] No jobs available
[slurm61964909_gr070_gpu0_0] No jobs available
[slurm61964909_gr070_gpu0_0] No jobs available
[slurm61964909_gr070_gpu0_0] Sync: 0 success, 5 failed, 210 pending
[slurm61964909_gr070_gpu0_0] No jobs available
[slurm61964909_gr070_gpu0_0] No jobs available
[slurm61964909_gr070_gpu0_0] No jobs available
[slurm61964909_gr070_gpu0_0] Sync: 0 success, 5 failed, 210 pending
[slurm61964909_gr070_gpu0_0] No jobs available
[slurm61964909_gr070_gpu0_0] No jobs available
[slurm61964909_gr070_gpu0_0] No jobs available
[slurm61964909_gr070_gpu0_0] Sync: 0 success, 5 failed, 210 pending
[slurm61964909_gr070_gpu0_0] No jobs available
[slurm61964909_gr070_gpu0_0] No jobs available
[slurm61964909_gr070_gpu0_0] No jobs available
[slurm61964909_gr070_gpu0_0] Sync: 0 success, 5 failed, 210 pending
[slurm61964909_gr070_gpu0_0] No jobs available
[slurm61964909_gr070_gpu0_0] No jobs available
[slurm61964909_gr070_gpu0_0] No jobs available
[slurm61964909_gr070_gpu0_0] No jobs available
[slurm61964909_gr070_gpu0_0] Sync: 0 success, 5 failed, 210 pending
[slurm61964909_gr070_gpu0_0] No jobs available
[slurm61964909_gr070_gpu0_0] No jobs available
[slurm61964909_gr070_gpu0_0] No jobs available
[slurm61964909_gr070_gpu0_0] Sync: 0 success, 5 failed, 210 pending
[slurm61964909_gr070_gpu0_0] No jobs available
[slurm61964909_gr070_gpu0_0] No jobs available
[slurm61964909_gr070_gpu0_0] No jobs available
[slurm61964909_gr070_gpu0_0] Sync: 0 success, 5 failed, 210 pending
[slurm61964909_gr070_gpu0_0] No jobs available
[slurm61964909_gr070_gpu0_0] No jobs available
[slurm61964909_gr070_gpu0_0] No jobs available
[slurm61964909_gr070_gpu0_0] Sync: 0 success, 5 failed, 210 pending
[slurm61964909_gr070_gpu0_0] No jobs available
[slurm61964909_gr070_gpu0_0] No jobs available
[slurm61964909_gr070_gpu0_0] No jobs available
[slurm61964909_gr070_gpu0_0] Sync: 0 success, 5 failed, 210 pending
[slurm61964909_gr070_gpu0_0] No jobs available
[slurm61964909_gr070_gpu0_0] No jobs available
[slurm61964909_gr070_gpu0_0] No jobs available
[slurm61964909_gr070_gpu0_0] Sync: 0 success, 5 failed, 210 pending
[slurm61964909_gr070_gpu0_0] No jobs available
[slurm61964909_gr070_gpu0_0] No jobs available
[slurm61964909_gr070_gpu0_0] No jobs available
[slurm61964909_gr070_gpu0_0] No jobs available
[slurm61964909_gr070_gpu0_0] Sync: 0 success, 5 failed, 210 pending
[slurm61964909_gr070_gpu0_0] No jobs available
[slurm61964909_gr070_gpu0_0] No jobs available
[slurm61964909_gr070_gpu0_0] No jobs available
[slurm61964909_gr070_gpu0_0] No jobs available
[slurm61964909_gr070_gpu0_0] No jobs available
[slurm61964909_gr070_gpu0_0] Sync: 0 success, 5 failed, 210 pending
[slurm61964909_gr070_gpu0_0] No jobs available
[slurm61964909_gr070_gpu0_0] No jobs available
[slurm61964909_gr070_gpu0_0] No jobs available
[slurm61964909_gr070_gpu0_0] Sync: 0 success, 5 failed, 210 pending
[slurm61964909_gr070_gpu0_0] No jobs available
[slurm61964909_gr070_gpu0_0] No jobs available
[slurm61964909_gr070_gpu0_0] No jobs available
[slurm61964909_gr070_gpu0_0] Sync: 0 success, 5 failed, 210 pending
[slurm61964909_gr070_gpu0_0] No jobs available
[slurm61964909_gr070_gpu0_0] No jobs available
[slurm61964909_gr070_gpu0_0] No jobs available
[slurm61964909_gr070_gpu0_0] Sync: 0 success, 5 failed, 210 pending
[slurm61964909_gr070_gpu0_0] No jobs available
[slurm61964909_gr070_gpu0_0] No jobs available
[slurm61964909_gr070_gpu0_0] No jobs available
[slurm61964909_gr070_gpu0_0] Sync: 0 success, 5 failed, 210 pending
[slurm61964909_gr070_gpu0_0] No jobs available
[slurm61964909_gr070_gpu0_0] No jobs available
[slurm61964909_gr070_gpu0_0] No jobs available
[slurm61964909_gr070_gpu0_0] No jobs available
[slurm61964909_gr070_gpu0_0] Sync: 0 success, 5 failed, 210 pending
[slurm61964909_gr070_gpu0_0] No jobs available
[slurm61964909_gr070_gpu0_0] No jobs available
[slurm61964909_gr070_gpu0_0] No jobs available
[slurm61964909_gr070_gpu0_0] Sync: 0 success, 5 failed, 210 pending
[slurm61964909_gr070_gpu0_0] No jobs available
[slurm61964909_gr070_gpu0_0] No jobs available
[slurm61964909_gr070_gpu0_0] No jobs available
[slurm61964909_gr070_gpu0_0] Sync: 0 success, 5 failed, 210 pending
[slurm61964909_gr070_gpu0_0] No jobs available
[slurm61964909_gr070_gpu0_0] No jobs available
[slurm61964909_gr070_gpu0_0] No jobs available
[slurm61964909_gr070_gpu0_0] Sync: 0 success, 5 failed, 210 pending
[slurm61964909_gr070_gpu0_0] No jobs available
[slurm61964909_gr070_gpu0_0] No jobs available
[slurm61964909_gr070_gpu0_0] No jobs available
[slurm61964909_gr070_gpu0_0] Sync: 0 success, 5 failed, 210 pending
[slurm61964909_gr070_gpu0_0] No jobs available
[slurm61964909_gr070_gpu0_0] No jobs available
[slurm61964909_gr070_gpu0_0] No jobs available
[slurm61964909_gr070_gpu0_0] Sync: 0 success, 5 failed, 210 pending
[slurm61964909_gr070_gpu0_0] No jobs available
[slurm61964909_gr070_gpu0_0] No jobs available
[slurm61964909_gr070_gpu0_0] No jobs available
[slurm61964909_gr070_gpu0_0] No jobs available
[slurm61964909_gr070_gpu0_0] Sync: 0 success, 5 failed, 210 pending
[slurm61964909_gr070_gpu0_0] No jobs available
[slurm61964909_gr070_gpu0_0] No jobs available
[slurm61964909_gr070_gpu0_0] No jobs available
[slurm61964909_gr070_gpu0_0] Sync: 0 success, 5 failed, 210 pending
[slurm61964909_gr070_gpu0_0] No jobs available
[slurm61964909_gr070_gpu0_0] No jobs available
[slurm61964909_gr070_gpu0_0] No jobs available
[slurm61964909_gr070_gpu0_0] Sync: 0 success, 5 failed, 210 pending
[slurm61964909_gr070_gpu0_0] No jobs available
[slurm61964909_gr070_gpu0_0] No jobs available
[slurm61964909_gr070_gpu0_0] No jobs available
[slurm61964909_gr070_gpu0_0] Sync: 0 success, 5 failed, 210 pending
[slurm61964909_gr070_gpu0_0] No jobs available
[slurm61964909_gr070_gpu0_0] No jobs available
[slurm61964909_gr070_gpu0_0] No jobs available
[slurm61964909_gr070_gpu0_0] Sync: 0 success, 5 failed, 210 pending
[slurm61964909_gr070_gpu0_0] No jobs available
[slurm61964909_gr070_gpu0_0] No jobs available
[slurm61964909_gr070_gpu0_0] No jobs available
[slurm61964909_gr070_gpu0_0] Sync: 0 success, 5 failed, 210 pending
[slurm61964909_gr070_gpu0_0] No jobs available
[slurm61964909_gr070_gpu0_0] No jobs available
[slurm61964909_gr070_gpu0_0] No jobs available
[slurm61964909_gr070_gpu0_0] No jobs available
[slurm61964909_gr070_gpu0_0] Sync: 0 success, 5 failed, 210 pending
[slurm61964909_gr070_gpu0_0] No jobs available
[slurm61964909_gr070_gpu0_0] No jobs available
[slurm61964909_gr070_gpu0_0] No jobs available
[slurm61964909_gr070_gpu0_0] Sync: 0 success, 5 failed, 210 pending
[slurm61964909_gr070_gpu0_0] No jobs available
[slurm61964909_gr070_gpu0_0] No jobs available
[slurm61964909_gr070_gpu0_0] No jobs available
[slurm61964909_gr070_gpu0_0] Sync: 0 success, 5 failed, 210 pending
[slurm61964909_gr070_gpu0_0] No jobs available
[slurm61964909_gr070_gpu0_0] No jobs available
[slurm61964909_gr070_gpu0_0] No jobs available
[slurm61964909_gr070_gpu0_0] Sync: 0 success, 5 failed, 210 pending
[slurm61964909_gr070_gpu0_0] No jobs available
[slurm61964909_gr070_gpu0_0] No jobs available
[slurm61964909_gr070_gpu0_0] No jobs available
[slurm61964909_gr070_gpu0_0] Sync: 0 success, 5 failed, 210 pending
[slurm61964909_gr070_gpu0_0] No jobs available
[slurm61964909_gr070_gpu0_0] No jobs available
[slurm61964909_gr070_gpu0_0] No jobs available
[slurm61964909_gr070_gpu0_0] No jobs available
[slurm61964909_gr070_gpu0_0] Sync: 0 success, 5 failed, 210 pending
[slurm61964909_gr070_gpu0_0] No jobs available
[slurm61964909_gr070_gpu0_0] No jobs available
[slurm61964909_gr070_gpu0_0] No jobs available
[slurm61964909_gr070_gpu0_0] Sync: 0 success, 5 failed, 210 pending
[slurm61964909_gr070_gpu0_0] No jobs available
[slurm61964909_gr070_gpu0_0] No jobs available
[slurm61964909_gr070_gpu0_0] No jobs available
[slurm61964909_gr070_gpu0_0] Sync: 0 success, 5 failed, 210 pending
[slurm61964909_gr070_gpu0_0] No jobs available
[slurm61964909_gr070_gpu0_0] No jobs available
[slurm61964909_gr070_gpu0_0] No jobs available
[slurm61964909_gr070_gpu0_0] Sync: 0 success, 5 failed, 210 pending
[slurm61964909_gr070_gpu0_0] No jobs available
[slurm61964909_gr070_gpu0_0] No jobs available
[slurm61964909_gr070_gpu0_0] No jobs available
[slurm61964909_gr070_gpu0_0] Sync: 0 success, 5 failed, 210 pending
[slurm61964909_gr070_gpu0_0] No jobs available
[slurm61964909_gr070_gpu0_0] No jobs available
[slurm61964909_gr070_gpu0_0] No jobs available
[slurm61964909_gr070_gpu0_0] Sync: 0 success, 5 failed, 210 pending
[slurm61964909_gr070_gpu0_0] No jobs available
[slurm61964909_gr070_gpu0_0] No jobs available
[slurm61964909_gr070_gpu0_0] No jobs available
[slurm61964909_gr070_gpu0_0] Sync: 0 success, 5 failed, 210 pending
[slurm61964909_gr070_gpu0_0] No jobs available
[slurm61964909_gr070_gpu0_0] No jobs available
[slurm61964909_gr070_gpu0_0] No jobs available
[slurm61964909_gr070_gpu0_0] No jobs available
[slurm61964909_gr070_gpu0_0] Sync: 0 success, 5 failed, 210 pending
[slurm61964909_gr070_gpu0_0] No jobs available
[slurm61964909_gr070_gpu0_0] No jobs available
[slurm61964909_gr070_gpu0_0] No jobs available
[slurm61964909_gr070_gpu0_0] Sync: 0 success, 5 failed, 210 pending
[slurm61964909_gr070_gpu0_0] No jobs available
[slurm61964909_gr070_gpu0_0] No jobs available
[slurm61964909_gr070_gpu0_0] No jobs available
[slurm61964909_gr070_gpu0_0] Sync: 0 success, 5 failed, 210 pending
[slurm61964909_gr070_gpu0_0] No jobs available
[slurm61964909_gr070_gpu0_0] No jobs available
[slurm61964909_gr070_gpu0_0] No jobs available
[slurm61964909_gr070_gpu0_0] Sync: 0 success, 5 failed, 210 pending
[slurm61964909_gr070_gpu0_0] No jobs available
[slurm61964909_gr070_gpu0_0] No jobs available
[slurm61964909_gr070_gpu0_0] No jobs available
[slurm61964909_gr070_gpu0_0] Sync: 0 success, 5 failed, 210 pending
[slurm61964909_gr070_gpu0_0] No jobs available
[slurm61964909_gr070_gpu0_0] No jobs available
[slurm61964909_gr070_gpu0_0] No jobs available
[slurm61964909_gr070_gpu0_0] Sync: 0 success, 5 failed, 210 pending
[slurm61964909_gr070_gpu0_0] No jobs available
[slurm61964909_gr070_gpu0_0] No jobs available
[slurm61964909_gr070_gpu0_0] No jobs available
[slurm61964909_gr070_gpu0_0] No jobs available
[slurm61964909_gr070_gpu0_0] Sync: 0 success, 5 failed, 210 pending
[slurm61964909_gr070_gpu0_0] No jobs available
[slurm61964909_gr070_gpu0_0] No jobs available
[slurm61964909_gr070_gpu0_0] No jobs available
[slurm61964909_gr070_gpu0_0] Sync: 0 success, 5 failed, 210 pending
[slurm61964909_gr070_gpu0_0] No jobs available
[slurm61964909_gr070_gpu0_0] No jobs available
[slurm61964909_gr070_gpu0_0] No jobs available
[slurm61964909_gr070_gpu0_0] Sync: 0 success, 5 failed, 210 pending
[slurm61964909_gr070_gpu0_0] No jobs available
[slurm61964909_gr070_gpu0_0] No jobs available
[slurm61964909_gr070_gpu0_0] No jobs available
[slurm61964909_gr070_gpu0_0] Sync: 0 success, 5 failed, 210 pending
[slurm61964909_gr070_gpu0_0] No jobs available
[slurm61964909_gr070_gpu0_0] No jobs available
[slurm61964909_gr070_gpu0_0] No jobs available
[slurm61964909_gr070_gpu0_0] Sync: 0 success, 5 failed, 210 pending
[slurm61964909_gr070_gpu0_0] No jobs available
[slurm61964909_gr070_gpu0_0] No jobs available
[slurm61964909_gr070_gpu0_0] No jobs available
[slurm61964909_gr070_gpu0_0] Sync: 0 success, 5 failed, 210 pending
[slurm61964909_gr070_gpu0_0] No jobs available
[slurm61964909_gr070_gpu0_0] No jobs available
[slurm61964909_gr070_gpu0_0] No jobs available
[slurm61964909_gr070_gpu0_0] No jobs available
[slurm61964909_gr070_gpu0_0] Sync: 0 success, 5 failed, 210 pending
[slurm61964909_gr070_gpu0_0] No jobs available
[slurm61964909_gr070_gpu0_0] No jobs available
[slurm61964909_gr070_gpu0_0] No jobs available
[slurm61964909_gr070_gpu0_0] Sync: 0 success, 5 failed, 210 pending
[slurm61964909_gr070_gpu0_0] No jobs available
[slurm61964909_gr070_gpu0_0] No jobs available
[slurm61964909_gr070_gpu0_0] No jobs available
[slurm61964909_gr070_gpu0_0] Sync: 0 success, 5 failed, 210 pending
[slurm61964909_gr070_gpu0_0] No jobs available
[slurm61964909_gr070_gpu0_0] No jobs available
[slurm61964909_gr070_gpu0_0] No jobs available
[slurm61964909_gr070_gpu0_0] Sync: 0 success, 5 failed, 210 pending
[slurm61964909_gr070_gpu0_0] No jobs available
[slurm61964909_gr070_gpu0_0] No jobs available
[slurm61964909_gr070_gpu0_0] No jobs available
[slurm61964909_gr070_gpu0_0] Sync: 0 success, 5 failed, 210 pending
[slurm61964909_gr070_gpu0_0] No jobs available
[slurm61964909_gr070_gpu0_0] No jobs available
[slurm61964909_gr070_gpu0_0] No jobs available
[slurm61964909_gr070_gpu0_0] Sync: 0 success, 5 failed, 210 pending
[slurm61964909_gr070_gpu0_0] No jobs available
[slurm61964909_gr070_gpu0_0] No jobs available
[slurm61964909_gr070_gpu0_0] No jobs available
[slurm61964909_gr070_gpu0_0] Sync: 0 success, 5 failed, 210 pending
[slurm61964909_gr070_gpu0_0] No jobs available
[slurm61964909_gr070_gpu0_0] No jobs available
[slurm61964909_gr070_gpu0_0] No jobs available
[slurm61964909_gr070_gpu0_0] No jobs available
[slurm61964909_gr070_gpu0_0] Sync: 0 success, 5 failed, 210 pending
[slurm61964909_gr070_gpu0_0] No jobs available
[slurm61964909_gr070_gpu0_0] No jobs available
[slurm61964909_gr070_gpu0_0] No jobs available
[slurm61964909_gr070_gpu0_0] Sync: 0 success, 5 failed, 210 pending
[slurm61964909_gr070_gpu0_0] No jobs available
[slurm61964909_gr070_gpu0_0] No jobs available
[slurm61964909_gr070_gpu0_0] No jobs available
[slurm61964909_gr070_gpu0_0] Sync: 0 success, 5 failed, 210 pending
[slurm61964909_gr070_gpu0_0] No jobs available
[slurm61964909_gr070_gpu0_0] No jobs available
[slurm61964909_gr070_gpu0_0] No jobs available
[slurm61964909_gr070_gpu0_0] Sync: 0 success, 5 failed, 210 pending
[slurm61964909_gr070_gpu0_0] No jobs available
[slurm61964909_gr070_gpu0_0] No jobs available
[slurm61964909_gr070_gpu0_0] No jobs available
[slurm61964909_gr070_gpu0_0] Sync: 0 success, 5 failed, 210 pending
[slurm61964909_gr070_gpu0_0] No jobs available
[slurm61964909_gr070_gpu0_0] No jobs available
[slurm61964909_gr070_gpu0_0] No jobs available
[slurm61964909_gr070_gpu0_0] Sync: 0 success, 5 failed, 210 pending
[slurm61964909_gr070_gpu0_0] No jobs available
[slurm61964909_gr070_gpu0_0] No jobs available
[slurm61964909_gr070_gpu0_0] No jobs available
[slurm61964909_gr070_gpu0_0] Sync: 0 success, 5 failed, 210 pending
[slurm61964909_gr070_gpu0_0] No jobs available
[slurm61964909_gr070_gpu0_0] No jobs available
[slurm61964909_gr070_gpu0_0] No jobs available
[slurm61964909_gr070_gpu0_0] No jobs available
[slurm61964909_gr070_gpu0_0] Sync: 0 success, 5 failed, 210 pending
[slurm61964909_gr070_gpu0_0] No jobs available
[slurm61964909_gr070_gpu0_0] No jobs available
[slurm61964909_gr070_gpu0_0] No jobs available
[slurm61964909_gr070_gpu0_0] Sync: 0 success, 5 failed, 210 pending
[slurm61964909_gr070_gpu0_0] No jobs available
[slurm61964909_gr070_gpu0_0] No jobs available
[slurm61964909_gr070_gpu0_0] No jobs available
[slurm61964909_gr070_gpu0_0] Sync: 0 success, 5 failed, 210 pending
[slurm61964909_gr070_gpu0_0] No jobs available
[slurm61964909_gr070_gpu0_0] No jobs available
[slurm61964909_gr070_gpu0_0] No jobs available
[slurm61964909_gr070_gpu0_0] Sync: 0 success, 5 failed, 210 pending
[slurm61964909_gr070_gpu0_0] No jobs available
[slurm61964909_gr070_gpu0_0] No jobs available
[slurm61964909_gr070_gpu0_0] No jobs available
[slurm61964909_gr070_gpu0_0] Sync: 0 success, 5 failed, 210 pending
[slurm61964909_gr070_gpu0_0] No jobs available
[slurm61964909_gr070_gpu0_0] No jobs available
[slurm61964909_gr070_gpu0_0] No jobs available
[slurm61964909_gr070_gpu0_0] Sync: 0 success, 5 failed, 210 pending
[slurm61964909_gr070_gpu0_0] No jobs available
[slurm61964909_gr070_gpu0_0] No jobs available
[slurm61964909_gr070_gpu0_0] No jobs available
[slurm61964909_gr070_gpu0_0] Sync: 0 success, 5 failed, 210 pending
[slurm61964909_gr070_gpu0_0] No jobs available
[slurm61964909_gr070_gpu0_0] No jobs available
[slurm61964909_gr070_gpu0_0] No jobs available
[slurm61964909_gr070_gpu0_0] Sync: 0 success, 5 failed, 210 pending
[slurm61964909_gr070_gpu0_0] No jobs available
[slurm61964909_gr070_gpu0_0] No jobs available
[slurm61964909_gr070_gpu0_0] No jobs available
[slurm61964909_gr070_gpu0_0] No jobs available
[slurm61964909_gr070_gpu0_0] Sync: 0 success, 5 failed, 210 pending
[slurm61964909_gr070_gpu0_0] No jobs available
[slurm61964909_gr070_gpu0_0] No jobs available
[slurm61964909_gr070_gpu0_0] No jobs available
[slurm61964909_gr070_gpu0_0] Sync: 0 success, 5 failed, 210 pending
[slurm61964909_gr070_gpu0_0] No jobs available
[slurm61964909_gr070_gpu0_0] No jobs available
[slurm61964909_gr070_gpu0_0] No jobs available
[slurm61964909_gr070_gpu0_0] Sync: 0 success, 5 failed, 210 pending
[slurm61964909_gr070_gpu0_0] No jobs available
[slurm61964909_gr070_gpu0_0] No jobs available
[slurm61964909_gr070_gpu0_0] No jobs available
[slurm61964909_gr070_gpu0_0] Sync: 0 success, 5 failed, 210 pending
[slurm61964909_gr070_gpu0_0] No jobs available
[slurm61964909_gr070_gpu0_0] No jobs available
[slurm61964909_gr070_gpu0_0] No jobs available
[slurm61964909_gr070_gpu0_0] Sync: 0 success, 5 failed, 210 pending
[slurm61964909_gr070_gpu0_0] No jobs available
[slurm61964909_gr070_gpu0_0] No jobs available
[slurm61964909_gr070_gpu0_0] No jobs available
[slurm61964909_gr070_gpu0_0] Sync: 0 success, 5 failed, 210 pending
[slurm61964909_gr070_gpu0_0] No jobs available
[slurm61964909_gr070_gpu0_0] No jobs available
[slurm61964909_gr070_gpu0_0] No jobs available
[slurm61964909_gr070_gpu0_0] No jobs available
[slurm61964909_gr070_gpu0_0] Sync: 0 success, 5 failed, 210 pending
[slurm61964909_gr070_gpu0_0] No jobs available
[slurm61964909_gr070_gpu0_0] No jobs available
[slurm61964909_gr070_gpu0_0] No jobs available
[slurm61964909_gr070_gpu0_0] Sync: 0 success, 5 failed, 210 pending
[slurm61964909_gr070_gpu0_0] No jobs available
[slurm61964909_gr070_gpu0_0] No jobs available
[slurm61964909_gr070_gpu0_0] No jobs available
[slurm61964909_gr070_gpu0_0] Sync: 0 success, 5 failed, 210 pending
[slurm61964909_gr070_gpu0_0] No jobs available
[slurm61964909_gr070_gpu0_0] No jobs available
[slurm61964909_gr070_gpu0_0] No jobs available
[slurm61964909_gr070_gpu0_0] Sync: 0 success, 5 failed, 210 pending
[slurm61964909_gr070_gpu0_0] No jobs available
[slurm61964909_gr070_gpu0_0] No jobs available
[slurm61964909_gr070_gpu0_0] No jobs available
[slurm61964909_gr070_gpu0_0] Sync: 0 success, 5 failed, 210 pending
[slurm61964909_gr070_gpu0_0] No jobs available
[slurm61964909_gr070_gpu0_0] No jobs available
[slurm61964909_gr070_gpu0_0] No jobs available
[slurm61964909_gr070_gpu0_0] No jobs available
[slurm61964909_gr070_gpu0_0] Sync: 0 success, 5 failed, 210 pending
[slurm61964909_gr070_gpu0_0] No jobs available
[slurm61964909_gr070_gpu0_0] No jobs available
[slurm61964909_gr070_gpu0_0] No jobs available
[slurm61964909_gr070_gpu0_0] Sync: 0 success, 5 failed, 210 pending
[slurm61964909_gr070_gpu0_0] No jobs available
[slurm61964909_gr070_gpu0_0] No jobs available
[slurm61964909_gr070_gpu0_0] No jobs available
[slurm61964909_gr070_gpu0_0] Sync: 0 success, 5 failed, 210 pending
[slurm61964909_gr070_gpu0_0] No jobs available
[slurm61964909_gr070_gpu0_0] No jobs available
[slurm61964909_gr070_gpu0_0] No jobs available
[slurm61964909_gr070_gpu0_0] Sync: 0 success, 5 failed, 210 pending
[slurm61964909_gr070_gpu0_0] No jobs available
[slurm61964909_gr070_gpu0_0] No jobs available
[slurm61964909_gr070_gpu0_0] No jobs available
[slurm61964909_gr070_gpu0_0] Sync: 0 success, 5 failed, 210 pending
[slurm61964909_gr070_gpu0_0] No jobs available
[slurm61964909_gr070_gpu0_0] No jobs available
[slurm61964909_gr070_gpu0_0] No jobs available
[slurm61964909_gr070_gpu0_0] Sync: 0 success, 5 failed, 210 pending
[slurm61964909_gr070_gpu0_0] No jobs available
[slurm61964909_gr070_gpu0_0] No jobs available
[slurm61964909_gr070_gpu0_0] No jobs available
[slurm61964909_gr070_gpu0_0] Sync: 0 success, 5 failed, 210 pending
[slurm61964909_gr070_gpu0_0] No jobs available
[slurm61964909_gr070_gpu0_0] No jobs available
[slurm61964909_gr070_gpu0_0] No jobs available
[slurm61964909_gr070_gpu0_0] No jobs available
[slurm61964909_gr070_gpu0_0] Sync: 0 success, 5 failed, 210 pending
[slurm61964909_gr070_gpu0_0] No jobs available
[slurm61964909_gr070_gpu0_0] No jobs available
[slurm61964909_gr070_gpu0_0] No jobs available
[slurm61964909_gr070_gpu0_0] Sync: 0 success, 5 failed, 210 pending
[slurm61964909_gr070_gpu0_0] No jobs available
[slurm61964909_gr070_gpu0_0] No jobs available
[slurm61964909_gr070_gpu0_0] No jobs available
[slurm61964909_gr070_gpu0_0] Sync: 0 success, 5 failed, 210 pending
[slurm61964909_gr070_gpu0_0] No jobs available
[slurm61964909_gr070_gpu0_0] No jobs available
[slurm61964909_gr070_gpu0_0] No jobs available
[slurm61964909_gr070_gpu0_0] Sync: 0 success, 5 failed, 210 pending
[slurm61964909_gr070_gpu0_0] No jobs available
[slurm61964909_gr070_gpu0_0] No jobs available
[slurm61964909_gr070_gpu0_0] No jobs available
[slurm61964909_gr070_gpu0_0] Sync: 0 success, 5 failed, 210 pending
[slurm61964909_gr070_gpu0_0] No jobs available
[slurm61964909_gr070_gpu0_0] No jobs available
[slurm61964909_gr070_gpu0_0] No jobs available
[slurm61964909_gr070_gpu0_0] Sync: 0 success, 5 failed, 210 pending
[slurm61964909_gr070_gpu0_0] No jobs available
[slurm61964909_gr070_gpu0_0] No jobs available
[slurm61964909_gr070_gpu0_0] No jobs available
[slurm61964909_gr070_gpu0_0] Sync: 0 success, 5 failed, 210 pending
[slurm61964909_gr070_gpu0_0] No jobs available
[slurm61964909_gr070_gpu0_0] No jobs available
[slurm61964909_gr070_gpu0_0] No jobs available
[slurm61964909_gr070_gpu0_0] No jobs available
[slurm61964909_gr070_gpu0_0] Sync: 0 success, 5 failed, 210 pending
[slurm61964909_gr070_gpu0_0] No jobs available
[slurm61964909_gr070_gpu0_0] No jobs available
[slurm61964909_gr070_gpu0_0] No jobs available
[slurm61964909_gr070_gpu0_0] Sync: 0 success, 5 failed, 210 pending
[slurm61964909_gr070_gpu0_0] No jobs available
[slurm61964909_gr070_gpu0_0] No jobs available
[slurm61964909_gr070_gpu0_0] No jobs available
[slurm61964909_gr070_gpu0_0] Sync: 0 success, 5 failed, 210 pending
[slurm61964909_gr070_gpu0_0] No jobs available
[slurm61964909_gr070_gpu0_0] No jobs available
[slurm61964909_gr070_gpu0_0] No jobs available
[slurm61964909_gr070_gpu0_0] Sync: 0 success, 5 failed, 210 pending
[slurm61964909_gr070_gpu0_0] No jobs available
[slurm61964909_gr070_gpu0_0] No jobs available
[slurm61964909_gr070_gpu0_0] No jobs available
[slurm61964909_gr070_gpu0_0] Sync: 0 success, 5 failed, 210 pending
[slurm61964909_gr070_gpu0_0] No jobs available
[slurm61964909_gr070_gpu0_0] No jobs available
[slurm61964909_gr070_gpu0_0] No jobs available
[slurm61964909_gr070_gpu0_0] Sync: 0 success, 5 failed, 210 pending
[slurm61964909_gr070_gpu0_0] No jobs available
[slurm61964909_gr070_gpu0_0] No jobs available
[slurm61964909_gr070_gpu0_0] No jobs available
[slurm61964909_gr070_gpu0_0] Sync: 0 success, 5 failed, 210 pending
[slurm61964909_gr070_gpu0_0] No jobs available
[slurm61964909_gr070_gpu0_0] No jobs available
[slurm61964909_gr070_gpu0_0] No jobs available
[slurm61964909_gr070_gpu0_0] Sync: 0 success, 5 failed, 210 pending
[slurm61964909_gr070_gpu0_0] No jobs available
[slurm61964909_gr070_gpu0_0] No jobs available
[slurm61964909_gr070_gpu0_0] No jobs available
[slurm61964909_gr070_gpu0_0] No jobs available
[slurm61964909_gr070_gpu0_0] Sync: 0 success, 5 failed, 210 pending
[slurm61964909_gr070_gpu0_0] No jobs available
[slurm61964909_gr070_gpu0_0] No jobs available
[slurm61964909_gr070_gpu0_0] No jobs available
[slurm61964909_gr070_gpu0_0] Sync: 0 success, 5 failed, 210 pending
[slurm61964909_gr070_gpu0_0] No jobs available
[slurm61964909_gr070_gpu0_0] No jobs available
[slurm61964909_gr070_gpu0_0] No jobs available
[slurm61964909_gr070_gpu0_0] Sync: 0 success, 5 failed, 210 pending
[slurm61964909_gr070_gpu0_0] No jobs available
[slurm61964909_gr070_gpu0_0] No jobs available
[slurm61964909_gr070_gpu0_0] No jobs available
[slurm61964909_gr070_gpu0_0] Sync: 0 success, 5 failed, 210 pending
[slurm61964909_gr070_gpu0_0] No jobs available
[slurm61964909_gr070_gpu0_0] No jobs available
[slurm61964909_gr070_gpu0_0] No jobs available
[slurm61964909_gr070_gpu0_0] Sync: 0 success, 5 failed, 210 pending
[slurm61964909_gr070_gpu0_0] No jobs available
[slurm61964909_gr070_gpu0_0] No jobs available
[slurm61964909_gr070_gpu0_0] No jobs available
[slurm61964909_gr070_gpu0_0] Sync: 0 success, 5 failed, 210 pending
[slurm61964909_gr070_gpu0_0] No jobs available
[slurm61964909_gr070_gpu0_0] No jobs available
[slurm61964909_gr070_gpu0_0] No jobs available
[slurm61964909_gr070_gpu0_0] Sync: 0 success, 5 failed, 210 pending
[slurm61964909_gr070_gpu0_0] No jobs available
[slurm61964909_gr070_gpu0_0] No jobs available
[slurm61964909_gr070_gpu0_0] No jobs available
[slurm61964909_gr070_gpu0_0] No jobs available
[slurm61964909_gr070_gpu0_0] Sync: 0 success, 5 failed, 210 pending
[slurm61964909_gr070_gpu0_0] No jobs available
[slurm61964909_gr070_gpu0_0] No jobs available
[slurm61964909_gr070_gpu0_0] No jobs available
[slurm61964909_gr070_gpu0_0] Sync: 0 success, 5 failed, 210 pending
[slurm61964909_gr070_gpu0_0] No jobs available
[slurm61964909_gr070_gpu0_0] No jobs available
[slurm61964909_gr070_gpu0_0] No jobs available
[slurm61964909_gr070_gpu0_0] Sync: 0 success, 5 failed, 210 pending
[slurm61964909_gr070_gpu0_0] No jobs available
[slurm61964909_gr070_gpu0_0] No jobs available
[slurm61964909_gr070_gpu0_0] No jobs available
[slurm61964909_gr070_gpu0_0] Sync: 0 success, 5 failed, 210 pending
[slurm61964909_gr070_gpu0_0] No jobs available
[slurm61964909_gr070_gpu0_0] No jobs available
[slurm61964909_gr070_gpu0_0] No jobs available
[slurm61964909_gr070_gpu0_0] Sync: 0 success, 5 failed, 210 pending
[slurm61964909_gr070_gpu0_0] No jobs available
[slurm61964909_gr070_gpu0_0] No jobs available
[slurm61964909_gr070_gpu0_0] No jobs available
[slurm61964909_gr070_gpu0_0] Sync: 0 success, 5 failed, 210 pending
[slurm61964909_gr070_gpu0_0] No jobs available
[slurm61964909_gr070_gpu0_0] No jobs available
[slurm61964909_gr070_gpu0_0] No jobs available
[slurm61964909_gr070_gpu0_0] Sync: 0 success, 5 failed, 210 pending
[slurm61964909_gr070_gpu0_0] No jobs available
[slurm61964909_gr070_gpu0_0] No jobs available
[slurm61964909_gr070_gpu0_0] No jobs available
[slurm61964909_gr070_gpu0_0] No jobs available
[slurm61964909_gr070_gpu0_0] Sync: 0 success, 5 failed, 210 pending
[slurm61964909_gr070_gpu0_0] No jobs available
[slurm61964909_gr070_gpu0_0] No jobs available
[slurm61964909_gr070_gpu0_0] No jobs available
[slurm61964909_gr070_gpu0_0] Sync: 0 success, 5 failed, 210 pending
[slurm61964909_gr070_gpu0_0] No jobs available
[slurm61964909_gr070_gpu0_0] No jobs available
[slurm61964909_gr070_gpu0_0] No jobs available
[slurm61964909_gr070_gpu0_0] Sync: 0 success, 5 failed, 210 pending
[slurm61964909_gr070_gpu0_0] No jobs available
[slurm61964909_gr070_gpu0_0] No jobs available
[slurm61964909_gr070_gpu0_0] No jobs available
[slurm61964909_gr070_gpu0_0] Sync: 0 success, 5 failed, 210 pending
[slurm61964909_gr070_gpu0_0] No jobs available
[slurm61964909_gr070_gpu0_0] No jobs available
[slurm61964909_gr070_gpu0_0] No jobs available
[slurm61964909_gr070_gpu0_0] Sync: 0 success, 5 failed, 210 pending
[slurm61964909_gr070_gpu0_0] No jobs available
[slurm61964909_gr070_gpu0_0] No jobs available
[slurm61964909_gr070_gpu0_0] No jobs available
[slurm61964909_gr070_gpu0_0] Sync: 0 success, 5 failed, 210 pending
[slurm61964909_gr070_gpu0_0] No jobs available
[slurm61964909_gr070_gpu0_0] No jobs available
[slurm61964909_gr070_gpu0_0] No jobs available
[slurm61964909_gr070_gpu0_0] No jobs available
[slurm61964909_gr070_gpu0_0] Sync: 0 success, 5 failed, 210 pending
[slurm61964909_gr070_gpu0_0] No jobs available
[slurm61964909_gr070_gpu0_0] No jobs available
[slurm61964909_gr070_gpu0_0] No jobs available
[slurm61964909_gr070_gpu0_0] Sync: 0 success, 5 failed, 210 pending
[slurm61964909_gr070_gpu0_0] No jobs available
[slurm61964909_gr070_gpu0_0] No jobs available
[slurm61964909_gr070_gpu0_0] No jobs available
[slurm61964909_gr070_gpu0_0] Sync: 0 success, 5 failed, 210 pending
[slurm61964909_gr070_gpu0_0] No jobs available
[slurm61964909_gr070_gpu0_0] No jobs available
[slurm61964909_gr070_gpu0_0] No jobs available
[slurm61964909_gr070_gpu0_0] Sync: 0 success, 5 failed, 210 pending
[slurm61964909_gr070_gpu0_0] No jobs available
[slurm61964909_gr070_gpu0_0] No jobs available
[slurm61964909_gr070_gpu0_0] No jobs available
[slurm61964909_gr070_gpu0_0] Sync: 0 success, 5 failed, 210 pending
[slurm61964909_gr070_gpu0_0] No jobs available
[slurm61964909_gr070_gpu0_0] No jobs available
[slurm61964909_gr070_gpu0_0] No jobs available
[slurm61964909_gr070_gpu0_0] Sync: 0 success, 5 failed, 210 pending
[slurm61964909_gr070_gpu0_0] No jobs available
[slurm61964909_gr070_gpu0_0] No jobs available
[slurm61964909_gr070_gpu0_0] No jobs available
[slurm61964909_gr070_gpu0_0] No jobs available
[slurm61964909_gr070_gpu0_0] Sync: 0 success, 5 failed, 210 pending
[slurm61964909_gr070_gpu0_0] No jobs available
[slurm61964909_gr070_gpu0_0] No jobs available
[slurm61964909_gr070_gpu0_0] No jobs available
[slurm61964909_gr070_gpu0_0] Sync: 0 success, 5 failed, 210 pending
[slurm61964909_gr070_gpu0_0] No jobs available
[slurm61964909_gr070_gpu0_0] No jobs available
[slurm61964909_gr070_gpu0_0] No jobs available
[slurm61964909_gr070_gpu0_0] Sync: 0 success, 5 failed, 210 pending
[slurm61964909_gr070_gpu0_0] No jobs available
[slurm61964909_gr070_gpu0_0] No jobs available
[slurm61964909_gr070_gpu0_0] No jobs available
[slurm61964909_gr070_gpu0_0] Sync: 0 success, 5 failed, 210 pending
[slurm61964909_gr070_gpu0_0] No jobs available
[slurm61964909_gr070_gpu0_0] No jobs available
[slurm61964909_gr070_gpu0_0] No jobs available
[slurm61964909_gr070_gpu0_0] Sync: 0 success, 5 failed, 210 pending
[slurm61964909_gr070_gpu0_0] No jobs available
[slurm61964909_gr070_gpu0_0] No jobs available
[slurm61964909_gr070_gpu0_0] No jobs available
[slurm61964909_gr070_gpu0_0] Sync: 0 success, 5 failed, 210 pending
[slurm61964909_gr070_gpu0_0] No jobs available
[slurm61964909_gr070_gpu0_0] No jobs available
[slurm61964909_gr070_gpu0_0] No jobs available
[slurm61964909_gr070_gpu0_0] Sync: 0 success, 5 failed, 210 pending
[slurm61964909_gr070_gpu0_0] No jobs available
[slurm61964909_gr070_gpu0_0] No jobs available
[slurm61964909_gr070_gpu0_0] No jobs available
[slurm61964909_gr070_gpu0_0] No jobs available
[slurm61964909_gr070_gpu0_0] Sync: 0 success, 5 failed, 210 pending
[slurm61964909_gr070_gpu0_0] No jobs available
[slurm61964909_gr070_gpu0_0] No jobs available
[slurm61964909_gr070_gpu0_0] No jobs available
[slurm61964909_gr070_gpu0_0] Sync: 0 success, 5 failed, 210 pending
[slurm61964909_gr070_gpu0_0] No jobs available
[slurm61964909_gr070_gpu0_0] No jobs available
[slurm61964909_gr070_gpu0_0] No jobs available
[slurm61964909_gr070_gpu0_0] Sync: 0 success, 5 failed, 210 pending
[slurm61964909_gr070_gpu0_0] No jobs available
[slurm61964909_gr070_gpu0_0] No jobs available
[slurm61964909_gr070_gpu0_0] No jobs available
[slurm61964909_gr070_gpu0_0] Sync: 0 success, 5 failed, 210 pending
[slurm61964909_gr070_gpu0_0] No jobs available
[slurm61964909_gr070_gpu0_0] No jobs available
[slurm61964909_gr070_gpu0_0] No jobs available
[slurm61964909_gr070_gpu0_0] Sync: 0 success, 5 failed, 210 pending
[slurm61964909_gr070_gpu0_0] No jobs available
[slurm61964909_gr070_gpu0_0] No jobs available
[slurm61964909_gr070_gpu0_0] No jobs available
[slurm61964909_gr070_gpu0_0] Sync: 0 success, 5 failed, 210 pending
[slurm61964909_gr070_gpu0_0] No jobs available
[slurm61964909_gr070_gpu0_0] No jobs available
[slurm61964909_gr070_gpu0_0] No jobs available
[slurm61964909_gr070_gpu0_0] No jobs available
[slurm61964909_gr070_gpu0_0] Sync: 0 success, 5 failed, 210 pending
[slurm61964909_gr070_gpu0_0] No jobs available
[slurm61964909_gr070_gpu0_0] No jobs available
[slurm61964909_gr070_gpu0_0] No jobs available
[slurm61964909_gr070_gpu0_0] Sync: 0 success, 5 failed, 210 pending
[slurm61964909_gr070_gpu0_0] No jobs available
[slurm61964909_gr070_gpu0_0] No jobs available
[slurm61964909_gr070_gpu0_0] No jobs available
[slurm61964909_gr070_gpu0_0] Sync: 0 success, 5 failed, 210 pending
[slurm61964909_gr070_gpu0_0] No jobs available
[slurm61964909_gr070_gpu0_0] No jobs available
[slurm61964909_gr070_gpu0_0] No jobs available
[slurm61964909_gr070_gpu0_0] Sync: 0 success, 5 failed, 210 pending
[slurm61964909_gr070_gpu0_0] No jobs available
[slurm61964909_gr070_gpu0_0] No jobs available
[slurm61964909_gr070_gpu0_0] No jobs available
[slurm61964909_gr070_gpu0_0] Sync: 0 success, 5 failed, 210 pending
[slurm61964909_gr070_gpu0_0] No jobs available
[slurm61964909_gr070_gpu0_0] No jobs available
[slurm61964909_gr070_gpu0_0] No jobs available
[slurm61964909_gr070_gpu0_0] Sync: 0 success, 5 failed, 210 pending
[slurm61964909_gr070_gpu0_0] No jobs available
[slurm61964909_gr070_gpu0_0] No jobs available
[slurm61964909_gr070_gpu0_0] No jobs available
[slurm61964909_gr070_gpu0_0] No jobs available
[slurm61964909_gr070_gpu0_0] Sync: 0 success, 5 failed, 210 pending
[slurm61964909_gr070_gpu0_0] No jobs available
[slurm61964909_gr070_gpu0_0] No jobs available
[slurm61964909_gr070_gpu0_0] No jobs available
[slurm61964909_gr070_gpu0_0] Sync: 0 success, 5 failed, 210 pending
[slurm61964909_gr070_gpu0_0] No jobs available
[slurm61964909_gr070_gpu0_0] No jobs available
[slurm61964909_gr070_gpu0_0] No jobs available
[slurm61964909_gr070_gpu0_0] Sync: 0 success, 5 failed, 210 pending
[slurm61964909_gr070_gpu0_0] No jobs available
[slurm61964909_gr070_gpu0_0] No jobs available
[slurm61964909_gr070_gpu0_0] No jobs available
[slurm61964909_gr070_gpu0_0] Sync: 0 success, 5 failed, 210 pending
[slurm61964909_gr070_gpu0_0] No jobs available
[slurm61964909_gr070_gpu0_0] No jobs available
[slurm61964909_gr070_gpu0_0] No jobs available
[slurm61964909_gr070_gpu0_0] Sync: 0 success, 5 failed, 210 pending
[slurm61964909_gr070_gpu0_0] No jobs available
[slurm61964909_gr070_gpu0_0] No jobs available
[slurm61964909_gr070_gpu0_0] No jobs available
[slurm61964909_gr070_gpu0_0] Sync: 0 success, 5 failed, 210 pending
[slurm61964909_gr070_gpu0_0] No jobs available
[slurm61964909_gr070_gpu0_0] No jobs available
[slurm61964909_gr070_gpu0_0] No jobs available
[slurm61964909_gr070_gpu0_0] Sync: 0 success, 5 failed, 210 pending
[slurm61964909_gr070_gpu0_0] No jobs available
[slurm61964909_gr070_gpu0_0] No jobs available
[slurm61964909_gr070_gpu0_0] No jobs available
[slurm61964909_gr070_gpu0_0] No jobs available
[slurm61964909_gr070_gpu0_0] Sync: 0 success, 5 failed, 210 pending
[slurm61964909_gr070_gpu0_0] No jobs available
[slurm61964909_gr070_gpu0_0] No jobs available
[slurm61964909_gr070_gpu0_0] No jobs available
[slurm61964909_gr070_gpu0_0] Sync: 0 success, 5 failed, 210 pending
[slurm61964909_gr070_gpu0_0] No jobs available
[slurm61964909_gr070_gpu0_0] No jobs available
[slurm61964909_gr070_gpu0_0] No jobs available
[slurm61964909_gr070_gpu0_0] Sync: 0 success, 5 failed, 210 pending
[slurm61964909_gr070_gpu0_0] No jobs available
[slurm61964909_gr070_gpu0_0] No jobs available
[slurm61964909_gr070_gpu0_0] No jobs available
[slurm61964909_gr070_gpu0_0] Sync: 0 success, 5 failed, 210 pending
[slurm61964909_gr070_gpu0_0] No jobs available
[slurm61964909_gr070_gpu0_0] No jobs available
[slurm61964909_gr070_gpu0_0] No jobs available
[slurm61964909_gr070_gpu0_0] Sync: 0 success, 5 failed, 210 pending
[slurm61964909_gr070_gpu0_0] No jobs available
[slurm61964909_gr070_gpu0_0] No jobs available
[slurm61964909_gr070_gpu0_0] No jobs available
[slurm61964909_gr070_gpu0_0] Sync: 0 success, 5 failed, 210 pending
[slurm61964909_gr070_gpu0_0] No jobs available
[slurm61964909_gr070_gpu0_0] No jobs available
[slurm61964909_gr070_gpu0_0] No jobs available
[slurm61964909_gr070_gpu0_0] Sync: 0 success, 5 failed, 210 pending
[slurm61964909_gr070_gpu0_0] No jobs available
[slurm61964909_gr070_gpu0_0] No jobs available
[slurm61964909_gr070_gpu0_0] No jobs available
[slurm61964909_gr070_gpu0_0] No jobs available
[slurm61964909_gr070_gpu0_0] Sync: 0 success, 5 failed, 210 pending
[slurm61964909_gr070_gpu0_0] No jobs available
[slurm61964909_gr070_gpu0_0] No jobs available
[slurm61964909_gr070_gpu0_0] No jobs available
[slurm61964909_gr070_gpu0_0] Sync: 0 success, 5 failed, 210 pending
[slurm61964909_gr070_gpu0_0] No jobs available
[slurm61964909_gr070_gpu0_0] No jobs available
[slurm61964909_gr070_gpu0_0] No jobs available
[slurm61964909_gr070_gpu0_0] Sync: 0 success, 5 failed, 210 pending
[slurm61964909_gr070_gpu0_0] No jobs available
[slurm61964909_gr070_gpu0_0] No jobs available
[slurm61964909_gr070_gpu0_0] No jobs available
[slurm61964909_gr070_gpu0_0] Sync: 0 success, 5 failed, 210 pending
[slurm61964909_gr070_gpu0_0] No jobs available
[slurm61964909_gr070_gpu0_0] No jobs available
[slurm61964909_gr070_gpu0_0] No jobs available
[slurm61964909_gr070_gpu0_0] Sync: 0 success, 5 failed, 210 pending
[slurm61964909_gr070_gpu0_0] No jobs available
[slurm61964909_gr070_gpu0_0] No jobs available
[slurm61964909_gr070_gpu0_0] No jobs available
[slurm61964909_gr070_gpu0_0] Sync: 0 success, 5 failed, 210 pending
[slurm61964909_gr070_gpu0_0] No jobs available
[slurm61964909_gr070_gpu0_0] No jobs available
[slurm61964909_gr070_gpu0_0] No jobs available
[slurm61964909_gr070_gpu0_0] Sync: 0 success, 5 failed, 210 pending
[slurm61964909_gr070_gpu0_0] No jobs available
[slurm61964909_gr070_gpu0_0] No jobs available
[slurm61964909_gr070_gpu0_0] No jobs available
[slurm61964909_gr070_gpu0_0] No jobs available
[slurm61964909_gr070_gpu0_0] Sync: 0 success, 5 failed, 210 pending
[slurm61964909_gr070_gpu0_0] No jobs available
[slurm61964909_gr070_gpu0_0] No jobs available
[slurm61964909_gr070_gpu0_0] No jobs available
[slurm61964909_gr070_gpu0_0] Sync: 0 success, 5 failed, 210 pending
[slurm61964909_gr070_gpu0_0] No jobs available
[slurm61964909_gr070_gpu0_0] No jobs available
[slurm61964909_gr070_gpu0_0] No jobs available
[slurm61964909_gr070_gpu0_0] Sync: 0 success, 5 failed, 210 pending
[slurm61964909_gr070_gpu0_0] No jobs available
[slurm61964909_gr070_gpu0_0] No jobs available
[slurm61964909_gr070_gpu0_0] No jobs available
[slurm61964909_gr070_gpu0_0] Sync: 0 success, 5 failed, 210 pending
[slurm61964909_gr070_gpu0_0] No jobs available
[slurm61964909_gr070_gpu0_0] No jobs available
[slurm61964909_gr070_gpu0_0] No jobs available
[slurm61964909_gr070_gpu0_0] Sync: 0 success, 5 failed, 210 pending
[slurm61964909_gr070_gpu0_0] No jobs available
[slurm61964909_gr070_gpu0_0] No jobs available
[slurm61964909_gr070_gpu0_0] No jobs available
[slurm61964909_gr070_gpu0_0] Sync: 0 success, 5 failed, 210 pending
[slurm61964909_gr070_gpu0_0] No jobs available
[slurm61964909_gr070_gpu0_0] No jobs available
[slurm61964909_gr070_gpu0_0] No jobs available
[slurm61964909_gr070_gpu0_0] Sync: 0 success, 5 failed, 210 pending
[slurm61964909_gr070_gpu0_0] No jobs available
[slurm61964909_gr070_gpu0_0] No jobs available
[slurm61964909_gr070_gpu0_0] No jobs available
[slurm61964909_gr070_gpu0_0] Sync: 0 success, 5 failed, 210 pending
[slurm61964909_gr070_gpu0_0] No jobs available
[slurm61964909_gr070_gpu0_0] No jobs available
[slurm61964909_gr070_gpu0_0] No jobs available
[slurm61964909_gr070_gpu0_0] No jobs available
[slurm61964909_gr070_gpu0_0] Sync: 0 success, 5 failed, 210 pending
[slurm61964909_gr070_gpu0_0] No jobs available
[slurm61964909_gr070_gpu0_0] No jobs available
[slurm61964909_gr070_gpu0_0] No jobs available
[slurm61964909_gr070_gpu0_0] Sync: 0 success, 5 failed, 210 pending
[slurm61964909_gr070_gpu0_0] No jobs available
[slurm61964909_gr070_gpu0_0] No jobs available
[slurm61964909_gr070_gpu0_0] No jobs available
[slurm61964909_gr070_gpu0_0] Sync: 0 success, 5 failed, 210 pending
[slurm61964909_gr070_gpu0_0] No jobs available
[slurm61964909_gr070_gpu0_0] No jobs available
[slurm61964909_gr070_gpu0_0] No jobs available
[slurm61964909_gr070_gpu0_0] Sync: 0 success, 5 failed, 210 pending
[slurm61964909_gr070_gpu0_0] No jobs available
[slurm61964909_gr070_gpu0_0] No jobs available
[slurm61964909_gr070_gpu0_0] No jobs available
[slurm61964909_gr070_gpu0_0] Sync: 0 success, 5 failed, 210 pending
[slurm61964909_gr070_gpu0_0] No jobs available
[slurm61964909_gr070_gpu0_0] No jobs available
[slurm61964909_gr070_gpu0_0] No jobs available
[slurm61964909_gr070_gpu0_0] Sync: 0 success, 5 failed, 210 pending
[slurm61964909_gr070_gpu0_0] No jobs available
[slurm61964909_gr070_gpu0_0] No jobs available
[slurm61964909_gr070_gpu0_0] No jobs available
[slurm61964909_gr070_gpu0_0] Sync: 0 success, 5 failed, 210 pending
[slurm61964909_gr070_gpu0_0] No jobs available
[slurm61964909_gr070_gpu0_0] No jobs available
[slurm61964909_gr070_gpu0_0] No jobs available
[slurm61964909_gr070_gpu0_0] No jobs available
[slurm61964909_gr070_gpu0_0] Sync: 0 success, 5 failed, 210 pending
[slurm61964909_gr070_gpu0_0] No jobs available
[slurm61964909_gr070_gpu0_0] No jobs available
[slurm61964909_gr070_gpu0_0] No jobs available
[slurm61964909_gr070_gpu0_0] Sync: 0 success, 5 failed, 210 pending
[slurm61964909_gr070_gpu0_0] No jobs available
[slurm61964909_gr070_gpu0_0] No jobs available
[slurm61964909_gr070_gpu0_0] No jobs available
[slurm61964909_gr070_gpu0_0] Sync: 0 success, 5 failed, 210 pending
[slurm61964909_gr070_gpu0_0] No jobs available
[slurm61964909_gr070_gpu0_0] No jobs available
[slurm61964909_gr070_gpu0_0] No jobs available
[slurm61964909_gr070_gpu0_0] Sync: 0 success, 5 failed, 210 pending
[slurm61964909_gr070_gpu0_0] No jobs available
[slurm61964909_gr070_gpu0_0] No jobs available
[slurm61964909_gr070_gpu0_0] No jobs available
[slurm61964909_gr070_gpu0_0] Sync: 0 success, 5 failed, 210 pending
[slurm61964909_gr070_gpu0_0] No jobs available
[slurm61964909_gr070_gpu0_0] No jobs available
[slurm61964909_gr070_gpu0_0] No jobs available
[slurm61964909_gr070_gpu0_0] Sync: 0 success, 5 failed, 210 pending
[slurm61964909_gr070_gpu0_0] No jobs available
[slurm61964909_gr070_gpu0_0] No jobs available
[slurm61964909_gr070_gpu0_0] No jobs available
[slurm61964909_gr070_gpu0_0] Sync: 0 success, 5 failed, 210 pending
[slurm61964909_gr070_gpu0_0] No jobs available
[slurm61964909_gr070_gpu0_0] No jobs available
[slurm61964909_gr070_gpu0_0] No jobs available
[slurm61964909_gr070_gpu0_0] No jobs available
[slurm61964909_gr070_gpu0_0] Sync: 0 success, 5 failed, 210 pending
[slurm61964909_gr070_gpu0_0] No jobs available
[slurm61964909_gr070_gpu0_0] No jobs available
[slurm61964909_gr070_gpu0_0] No jobs available
[slurm61964909_gr070_gpu0_0] Sync: 0 success, 5 failed, 210 pending
[slurm61964909_gr070_gpu0_0] No jobs available
[slurm61964909_gr070_gpu0_0] No jobs available
[slurm61964909_gr070_gpu0_0] No jobs available
[slurm61964909_gr070_gpu0_0] Sync: 0 success, 5 failed, 210 pending
[slurm61964909_gr070_gpu0_0] No jobs available
[slurm61964909_gr070_gpu0_0] No jobs available
[slurm61964909_gr070_gpu0_0] No jobs available
[slurm61964909_gr070_gpu0_0] Sync: 0 success, 5 failed, 210 pending
[slurm61964909_gr070_gpu0_0] No jobs available
[slurm61964909_gr070_gpu0_0] No jobs available
[slurm61964909_gr070_gpu0_0] No jobs available
[slurm61964909_gr070_gpu0_0] Sync: 0 success, 5 failed, 210 pending
[slurm61964909_gr070_gpu0_0] No jobs available
[slurm61964909_gr070_gpu0_0] No jobs available
[slurm61964909_gr070_gpu0_0] No jobs available
[slurm61964909_gr070_gpu0_0] Sync: 0 success, 5 failed, 210 pending
[slurm61964909_gr070_gpu0_0] No jobs available
[slurm61964909_gr070_gpu0_0] No jobs available
[slurm61964909_gr070_gpu0_0] No jobs available
[slurm61964909_gr070_gpu0_0] Sync: 0 success, 5 failed, 210 pending
[slurm61964909_gr070_gpu0_0] No jobs available
[slurm61964909_gr070_gpu0_0] No jobs available
[slurm61964909_gr070_gpu0_0] No jobs available
[slurm61964909_gr070_gpu0_0] No jobs available
[slurm61964909_gr070_gpu0_0] Sync: 0 success, 5 failed, 210 pending
[slurm61964909_gr070_gpu0_0] No jobs available
[slurm61964909_gr070_gpu0_0] No jobs available
[slurm61964909_gr070_gpu0_0] No jobs available
[slurm61964909_gr070_gpu0_0] Sync: 0 success, 5 failed, 210 pending
[slurm61964909_gr070_gpu0_0] No jobs available
[slurm61964909_gr070_gpu0_0] No jobs available
[slurm61964909_gr070_gpu0_0] No jobs available
[slurm61964909_gr070_gpu0_0] Sync: 0 success, 5 failed, 210 pending
[slurm61964909_gr070_gpu0_0] No jobs available
[slurm61964909_gr070_gpu0_0] No jobs available
[slurm61964909_gr070_gpu0_0] No jobs available
[slurm61964909_gr070_gpu0_0] Sync: 0 success, 5 failed, 210 pending
[slurm61964909_gr070_gpu0_0] No jobs available
[slurm61964909_gr070_gpu0_0] No jobs available
[slurm61964909_gr070_gpu0_0] No jobs available
[slurm61964909_gr070_gpu0_0] Sync: 0 success, 5 failed, 210 pending
[slurm61964909_gr070_gpu0_0] No jobs available
[slurm61964909_gr070_gpu0_0] No jobs available
[slurm61964909_gr070_gpu0_0] No jobs available
[slurm61964909_gr070_gpu0_0] Sync: 0 success, 5 failed, 210 pending
[slurm61964909_gr070_gpu0_0] No jobs available
[slurm61964909_gr070_gpu0_0] No jobs available
[slurm61964909_gr070_gpu0_0] No jobs available
[slurm61964909_gr070_gpu0_0] No jobs available
[slurm61964909_gr070_gpu0_0] Sync: 0 success, 5 failed, 210 pending
[slurm61964909_gr070_gpu0_0] No jobs available
[slurm61964909_gr070_gpu0_0] No jobs available
[slurm61964909_gr070_gpu0_0] No jobs available
[slurm61964909_gr070_gpu0_0] Sync: 0 success, 5 failed, 210 pending
[slurm61964909_gr070_gpu0_0] No jobs available
[slurm61964909_gr070_gpu0_0] No jobs available
[slurm61964909_gr070_gpu0_0] No jobs available
[slurm61964909_gr070_gpu0_0] Sync: 0 success, 5 failed, 210 pending
[slurm61964909_gr070_gpu0_0] No jobs available
[slurm61964909_gr070_gpu0_0] No jobs available
[slurm61964909_gr070_gpu0_0] No jobs available
[slurm61964909_gr070_gpu0_0] Sync: 0 success, 5 failed, 210 pending
[slurm61964909_gr070_gpu0_0] No jobs available
[slurm61964909_gr070_gpu0_0] No jobs available
[slurm61964909_gr070_gpu0_0] No jobs available
[slurm61964909_gr070_gpu0_0] Sync: 0 success, 5 failed, 210 pending
[slurm61964909_gr070_gpu0_0] No jobs available
[slurm61964909_gr070_gpu0_0] No jobs available
[slurm61964909_gr070_gpu0_0] No jobs available
[slurm61964909_gr070_gpu0_0] Sync: 0 success, 5 failed, 210 pending
[slurm61964909_gr070_gpu0_0] No jobs available
[slurm61964909_gr070_gpu0_0] No jobs available
[slurm61964909_gr070_gpu0_0] No jobs available
[slurm61964909_gr070_gpu0_0] Sync: 0 success, 5 failed, 210 pending
[slurm61964909_gr070_gpu0_0] No jobs available
[slurm61964909_gr070_gpu0_0] No jobs available
[slurm61964909_gr070_gpu0_0] No jobs available
[slurm61964909_gr070_gpu0_0] Sync: 0 success, 5 failed, 210 pending
[slurm61964909_gr070_gpu0_0] No jobs available
[slurm61964909_gr070_gpu0_0] No jobs available
[slurm61964909_gr070_gpu0_0] No jobs available
[slurm61964909_gr070_gpu0_0] No jobs available
[slurm61964909_gr070_gpu0_0] Sync: 0 success, 5 failed, 210 pending
[slurm61964909_gr070_gpu0_0] No jobs available
[slurm61964909_gr070_gpu0_0] No jobs available
[slurm61964909_gr070_gpu0_0] No jobs available
[slurm61964909_gr070_gpu0_0] Sync: 0 success, 5 failed, 210 pending
[slurm61964909_gr070_gpu0_0] No jobs available
[slurm61964909_gr070_gpu0_0] No jobs available
[slurm61964909_gr070_gpu0_0] No jobs available
[slurm61964909_gr070_gpu0_0] Sync: 0 success, 5 failed, 210 pending
[slurm61964909_gr070_gpu0_0] No jobs available
[slurm61964909_gr070_gpu0_0] No jobs available
[slurm61964909_gr070_gpu0_0] No jobs available
[slurm61964909_gr070_gpu0_0] Sync: 0 success, 5 failed, 210 pending
[slurm61964909_gr070_gpu0_0] No jobs available
[slurm61964909_gr070_gpu0_0] No jobs available
[slurm61964909_gr070_gpu0_0] No jobs available
[slurm61964909_gr070_gpu0_0] Sync: 0 success, 5 failed, 210 pending
[slurm61964909_gr070_gpu0_0] No jobs available
[slurm61964909_gr070_gpu0_0] No jobs available
[slurm61964909_gr070_gpu0_0] No jobs available
[slurm61964909_gr070_gpu0_0] No jobs available
[slurm61964909_gr070_gpu0_0] Sync: 0 success, 5 failed, 210 pending
[slurm61964909_gr070_gpu0_0] No jobs available
[slurm61964909_gr070_gpu0_0] No jobs available
[slurm61964909_gr070_gpu0_0] No jobs available
[slurm61964909_gr070_gpu0_0] Sync: 0 success, 5 failed, 210 pending
[slurm61964909_gr070_gpu0_0] No jobs available
[slurm61964909_gr070_gpu0_0] No jobs available
[slurm61964909_gr070_gpu0_0] No jobs available
[slurm61964909_gr070_gpu0_0] Sync: 0 success, 5 failed, 210 pending
[slurm61964909_gr070_gpu0_0] No jobs available
[slurm61964909_gr070_gpu0_0] No jobs available
[slurm61964909_gr070_gpu0_0] No jobs available
[slurm61964909_gr070_gpu0_0] Sync: 0 success, 5 failed, 210 pending
[slurm61964909_gr070_gpu0_0] No jobs available
[slurm61964909_gr070_gpu0_0] No jobs available
[slurm61964909_gr070_gpu0_0] No jobs available
[slurm61964909_gr070_gpu0_0] Sync: 0 success, 5 failed, 210 pending
[slurm61964909_gr070_gpu0_0] No jobs available
[slurm61964909_gr070_gpu0_0] No jobs available
[slurm61964909_gr070_gpu0_0] No jobs available
[slurm61964909_gr070_gpu0_0] Sync: 0 success, 5 failed, 210 pending
[slurm61964909_gr070_gpu0_0] No jobs available
[slurm61964909_gr070_gpu0_0] No jobs available
[slurm61964909_gr070_gpu0_0] No jobs available
[slurm61964909_gr070_gpu0_0] Sync: 0 success, 5 failed, 210 pending
[slurm61964909_gr070_gpu0_0] No jobs available
[slurm61964909_gr070_gpu0_0] No jobs available
[slurm61964909_gr070_gpu0_0] No jobs available
[slurm61964909_gr070_gpu0_0] No jobs available
[slurm61964909_gr070_gpu0_0] Sync: 0 success, 5 failed, 210 pending
[slurm61964909_gr070_gpu0_0] No jobs available
[slurm61964909_gr070_gpu0_0] No jobs available
[slurm61964909_gr070_gpu0_0] No jobs available
[slurm61964909_gr070_gpu0_0] Sync: 0 success, 5 failed, 210 pending
[slurm61964909_gr070_gpu0_0] No jobs available
[slurm61964909_gr070_gpu0_0] No jobs available
[slurm61964909_gr070_gpu0_0] No jobs available
[slurm61964909_gr070_gpu0_0] Sync: 0 success, 5 failed, 210 pending
[slurm61964909_gr070_gpu0_0] No jobs available
[slurm61964909_gr070_gpu0_0] No jobs available
[slurm61964909_gr070_gpu0_0] No jobs available
[slurm61964909_gr070_gpu0_0] Sync: 0 success, 5 failed, 210 pending
[slurm61964909_gr070_gpu0_0] No jobs available
[slurm61964909_gr070_gpu0_0] No jobs available
[slurm61964909_gr070_gpu0_0] No jobs available
[slurm61964909_gr070_gpu0_0] Sync: 0 success, 5 failed, 210 pending
[slurm61964909_gr070_gpu0_0] No jobs available
[slurm61964909_gr070_gpu0_0] No jobs available
[slurm61964909_gr070_gpu0_0] No jobs available
[slurm61964909_gr070_gpu0_0] Sync: 0 success, 5 failed, 210 pending
[slurm61964909_gr070_gpu0_0] No jobs available
[slurm61964909_gr070_gpu0_0] No jobs available
[slurm61964909_gr070_gpu0_0] No jobs available
[slurm61964909_gr070_gpu0_0] No jobs available
[slurm61964909_gr070_gpu0_0] Sync: 0 success, 5 failed, 210 pending
[slurm61964909_gr070_gpu0_0] No jobs available
[slurm61964909_gr070_gpu0_0] No jobs available
[slurm61964909_gr070_gpu0_0] No jobs available
[slurm61964909_gr070_gpu0_0] Sync: 0 success, 5 failed, 210 pending
[slurm61964909_gr070_gpu0_0] No jobs available
[slurm61964909_gr070_gpu0_0] No jobs available
[slurm61964909_gr070_gpu0_0] No jobs available
[slurm61964909_gr070_gpu0_0] Sync: 0 success, 5 failed, 210 pending
[slurm61964909_gr070_gpu0_0] No jobs available
[slurm61964909_gr070_gpu0_0] No jobs available
[slurm61964909_gr070_gpu0_0] No jobs available
[slurm61964909_gr070_gpu0_0] Sync: 0 success, 5 failed, 210 pending
