Sync: enabled (Supabase connected)
Starting worker slurm61964909_gr070_gpu0_1
Experiment: cluster_t0 at /scratch/ddr8143/logs/dcnn_workers
------------------------------------------------------------
[slurm61964909_gr070_gpu0_1] Worker started
[slurm61964909_gr070_gpu0_1] Sync thread started
[slurm61964909_gr070_gpu0_1] Heartbeat thread started
[slurm61964909_gr070_gpu0_1] No jobs available
[slurm61964909_gr070_gpu0_1] No jobs available
[slurm61964909_gr070_gpu0_1] No jobs available
[slurm61964909_gr070_gpu0_1] No jobs available
[slurm61964909_gr070_gpu0_1] No jobs available
[slurm61964909_gr070_gpu0_1] No jobs available
[slurm61964909_gr070_gpu0_1] No jobs available
[slurm61964909_gr070_gpu0_1] No jobs available
[slurm61964909_gr070_gpu0_1] No jobs available
[slurm61964909_gr070_gpu0_1] No jobs available
[slurm61964909_gr070_gpu0_1] No jobs available
[slurm61964909_gr070_gpu0_1] No jobs available
[slurm61964909_gr070_gpu0_1] No jobs available
[slurm61964909_gr070_gpu0_1] No jobs available
[slurm61964909_gr070_gpu0_1] No jobs available
[slurm61964909_gr070_gpu0_1] No jobs available
[slurm61964909_gr070_gpu0_1] No jobs available
[slurm61964909_gr070_gpu0_1] No jobs available
[slurm61964909_gr070_gpu0_1] No jobs available
[slurm61964909_gr070_gpu0_1] No jobs available
[slurm61964909_gr070_gpu0_1] No jobs available
[slurm61964909_gr070_gpu0_1] No jobs available
[slurm61964909_gr070_gpu0_1] No jobs available
[slurm61964909_gr070_gpu0_1] Claimed job d9005458-cc88-42c7-a18d-4b618eb27e16 (priority=10)
[slurm61964909_gr070_gpu0_1] Executing job d9005458-cc88-42c7-a18d-4b618eb27e16 with _target_=dr_exp.trainers.decon_trainer.train_classification
GPU available: True (cuda), used: True
TPU available: False, using: 0 TPU cores
HPU available: False, using: 0 HPUs
/scratch/ddr8143/repos/dr_exp/.venv/lib/python3.12/site-packages/lightning/pytorch/trainer/connectors/logger_connector/logger_connector.py:76: Starting from v1.9.0, `tensorboardX` has been removed as a dependency of the `lightning.pytorch` package, due to potential conflicts with other packages in the ML ecosystem. For this reason, `logger=True` will use `CSVLogger` as the default logger, unless the `tensorboard` or `tensorboardX` packages are found. Please `pip install lightning[extra]` or one of them to enable TensorBoard support by default
LOCAL_RANK: 0 - CUDA_VISIBLE_DEVICES: [0]

  | Name      | Type             | Params | Mode 
-------------------------------------------------------
0 | model     | CifarResNet18    | 11.2 M | train
1 | criterion | CrossEntropyLoss | 0      | train
-------------------------------------------------------
11.2 M    Trainable params
0         Non-trainable params
11.2 M    Total params
44.696    Total estimated model params size (MB)
70        Modules in train mode
0         Modules in eval mode
Epoch 0 | val_loss: 2.33983, val_acc: 0.08203
Epoch 0 | val_loss: 2.31963, val_acc: 0.09980
Epoch 1 | val_loss: 2.14687, val_acc: 0.22320, train_loss: 2.32257, train_acc: 0.10002
Epoch 2 | val_loss: 1.97033, val_acc: 0.30460, train_loss: 2.28170, train_acc: 0.13191
Epoch 3 | val_loss: 1.82967, val_acc: 0.36080, train_loss: 2.22457, train_acc: 0.17633
/scratch/ddr8143/repos/dr_exp/.venv/lib/python3.12/site-packages/torch/optim/lr_scheduler.py:198: UserWarning: The epoch parameter in `scheduler.step()` was not necessary and is being deprecated where possible. Please use `scheduler.step()` to step the scheduler. During the deprecation, if epoch is different from None, the closed form is used instead of the new chainable form, where available. Please open an issue if you are unable to replicate your use case: https://github.com/pytorch/pytorch/issues/new/choose.
  warnings.warn(EPOCH_DEPRECATION_WARNING, UserWarning)
Epoch 4 | val_loss: 1.76341, val_acc: 0.38900, train_loss: 2.17672, train_acc: 0.20640
Epoch 5 | val_loss: 1.69126, val_acc: 0.42220, train_loss: 2.14067, train_acc: 0.22629
Epoch 6 | val_loss: 1.58410, val_acc: 0.45760, train_loss: 2.12108, train_acc: 0.24493
Epoch 7 | val_loss: 1.51089, val_acc: 0.49080, train_loss: 2.09448, train_acc: 0.26418
Epoch 8 | val_loss: 1.42973, val_acc: 0.50920, train_loss: 2.06301, train_acc: 0.28027
Epoch 9 | val_loss: 1.38265, val_acc: 0.53580, train_loss: 2.03949, train_acc: 0.30533
Epoch 10 | val_loss: 1.35900, val_acc: 0.55260, train_loss: 2.02629, train_acc: 0.30009
Epoch 11 | val_loss: 1.27955, val_acc: 0.59040, train_loss: 1.99712, train_acc: 0.33464
Epoch 12 | val_loss: 1.24558, val_acc: 0.60200, train_loss: 1.99073, train_acc: 0.33296
Epoch 13 | val_loss: 1.20151, val_acc: 0.61120, train_loss: 1.97016, train_acc: 0.34893
Epoch 14 | val_loss: 1.23349, val_acc: 0.60720, train_loss: 1.95600, train_acc: 0.34896
Epoch 15 | val_loss: 1.16400, val_acc: 0.63480, train_loss: 1.94691, train_acc: 0.34944
Epoch 16 | val_loss: 1.10432, val_acc: 0.66240, train_loss: 1.91596, train_acc: 0.37282
Epoch 17 | val_loss: 1.12594, val_acc: 0.64980, train_loss: 1.91069, train_acc: 0.38538
Epoch 18 | val_loss: 1.12040, val_acc: 0.66600, train_loss: 1.89945, train_acc: 0.39280
Epoch 19 | val_loss: 1.08046, val_acc: 0.67160, train_loss: 1.90360, train_acc: 0.37458
Epoch 20 | val_loss: 1.06345, val_acc: 0.68380, train_loss: 1.89467, train_acc: 0.36551
Epoch 21 | val_loss: 1.05685, val_acc: 0.69040, train_loss: 1.86156, train_acc: 0.37936
Epoch 22 | val_loss: 1.02564, val_acc: 0.70460, train_loss: 1.86757, train_acc: 0.40042
Epoch 23 | val_loss: 1.00392, val_acc: 0.71960, train_loss: 1.87609, train_acc: 0.39298
Epoch 24 | val_loss: 1.03249, val_acc: 0.68960, train_loss: 1.85890, train_acc: 0.40836
Epoch 25 | val_loss: 1.01116, val_acc: 0.71200, train_loss: 1.83805, train_acc: 0.42764
Epoch 26 | val_loss: 0.97979, val_acc: 0.71940, train_loss: 1.83735, train_acc: 0.43513
Epoch 27 | val_loss: 0.97524, val_acc: 0.72740, train_loss: 1.83766, train_acc: 0.39731
Epoch 28 | val_loss: 0.97219, val_acc: 0.73540, train_loss: 1.83198, train_acc: 0.42491
Epoch 29 | val_loss: 0.95611, val_acc: 0.73680, train_loss: 1.82507, train_acc: 0.43091
Epoch 30 | val_loss: 0.92910, val_acc: 0.75120, train_loss: 1.82400, train_acc: 0.42044
Epoch 31 | val_loss: 0.94292, val_acc: 0.74080, train_loss: 1.81913, train_acc: 0.43080
Epoch 32 | val_loss: 0.93459, val_acc: 0.75060, train_loss: 1.82573, train_acc: 0.43620
Epoch 33 | val_loss: 0.92801, val_acc: 0.74320, train_loss: 1.80878, train_acc: 0.43613
Epoch 34 | val_loss: 0.93146, val_acc: 0.73960, train_loss: 1.81429, train_acc: 0.44098
Epoch 35 | val_loss: 0.92338, val_acc: 0.75080, train_loss: 1.81026, train_acc: 0.44727
Epoch 36 | val_loss: 0.93372, val_acc: 0.75140, train_loss: 1.81050, train_acc: 0.43280
Epoch 37 | val_loss: 0.90967, val_acc: 0.75440, train_loss: 1.79974, train_acc: 0.40989
Epoch 38 | val_loss: 0.92212, val_acc: 0.75140, train_loss: 1.78878, train_acc: 0.43556
Epoch 39 | val_loss: 0.92156, val_acc: 0.75100, train_loss: 1.79047, train_acc: 0.45478
Epoch 40 | val_loss: 0.91023, val_acc: 0.75140, train_loss: 1.79146, train_acc: 0.43000
Epoch 41 | val_loss: 0.90648, val_acc: 0.75820, train_loss: 1.77561, train_acc: 0.46898
Epoch 42 | val_loss: 0.90730, val_acc: 0.75460, train_loss: 1.78537, train_acc: 0.46198
Epoch 43 | val_loss: 0.90459, val_acc: 0.75760, train_loss: 1.78852, train_acc: 0.45393
Epoch 44 | val_loss: 0.90119, val_acc: 0.76060, train_loss: 1.77551, train_acc: 0.44693
Epoch 45 | val_loss: 0.90918, val_acc: 0.76140, train_loss: 1.79464, train_acc: 0.44029
Epoch 46 | val_loss: 0.90526, val_acc: 0.75740, train_loss: 1.78484, train_acc: 0.43707
Epoch 47 | val_loss: 0.89590, val_acc: 0.76300, train_loss: 1.79783, train_acc: 0.43609
Epoch 48 | val_loss: 0.89534, val_acc: 0.76060, train_loss: 1.79480, train_acc: 0.47531
Epoch 49 | val_loss: 0.89349, val_acc: 0.76520, train_loss: 1.78400, train_acc: 0.45458
`Trainer.fit` stopped: `max_epochs=50` reached.
[slurm61964909_gr070_gpu0_1] Job d9005458-cc88-42c7-a18d-4b618eb27e16 completed successfully
[slurm61964909_gr070_gpu0_1] Claimed job d6cc6f83-6ffa-4ddb-b59d-ad9aa1be276f (priority=10)
[slurm61964909_gr070_gpu0_1] Executing job d6cc6f83-6ffa-4ddb-b59d-ad9aa1be276f with _target_=dr_exp.trainers.decon_trainer.train_classification
GPU available: True (cuda), used: True
TPU available: False, using: 0 TPU cores
HPU available: False, using: 0 HPUs
LOCAL_RANK: 0 - CUDA_VISIBLE_DEVICES: [0]

  | Name      | Type             | Params | Mode 
-------------------------------------------------------
0 | model     | CifarResNet18    | 11.2 M | train
1 | criterion | CrossEntropyLoss | 0      | train
-------------------------------------------------------
11.2 M    Trainable params
0         Non-trainable params
11.2 M    Total params
44.696    Total estimated model params size (MB)
70        Modules in train mode
0         Modules in eval mode
Epoch 0 | val_loss: 2.32840, val_acc: 0.10938
[SyncHandler] Uploaded config.json (logs)
[SyncHandler] Uploaded metrics.jsonl (metrics)
[SyncHandler] Uploaded events.jsonl (metrics)
[SyncHandler] Uploaded metadata.json (logs)
[SyncHandler] Uploaded config.json (logs)
[slurm61964909_gr070_gpu0_1] Sync: 5 success, 0 failed, 3 pending
Epoch 0 | val_loss: 2.30461, val_acc: 0.10360
[SyncHandler] Uploaded metrics.jsonl (metrics)
[SyncHandler] Uploaded events.jsonl (metrics)
[SyncHandler] Uploaded metadata.json (logs)
[slurm61964909_gr070_gpu0_1] Sync: 3 success, 0 failed, 0 pending
Epoch 1 | val_loss: 1.47399, val_acc: 0.47320, train_loss: 2.30948, train_acc: 0.10027
Epoch 2 | val_loss: 1.09748, val_acc: 0.62720, train_loss: 1.81566, train_acc: 0.38462
Epoch 3 | val_loss: 0.87360, val_acc: 0.71120, train_loss: 1.48419, train_acc: 0.55800
Epoch 4 | val_loss: 0.94959, val_acc: 0.68660, train_loss: 1.26502, train_acc: 0.66551
Epoch 5 | val_loss: 0.84253, val_acc: 0.71960, train_loss: 1.15289, train_acc: 0.71582
Epoch 6 | val_loss: 0.76802, val_acc: 0.76020, train_loss: 1.09199, train_acc: 0.74260
[slurm61964909_gr070_gpu0_1] Sync: 0 success, 4 failed, 0 pending
Epoch 7 | val_loss: 0.78738, val_acc: 0.73840, train_loss: 1.02285, train_acc: 0.77487
Epoch 8 | val_loss: 0.72096, val_acc: 0.77040, train_loss: 0.97774, train_acc: 0.79364
Epoch 9 | val_loss: 0.64965, val_acc: 0.79900, train_loss: 0.94992, train_acc: 0.80809
Epoch 10 | val_loss: 0.62760, val_acc: 0.79480, train_loss: 0.92017, train_acc: 0.82093
[slurm61964909_gr070_gpu0_1] Sync: 0 success, 3 failed, 1 pending
Epoch 11 | val_loss: 0.62288, val_acc: 0.80840, train_loss: 0.90603, train_acc: 0.82569
Epoch 12 | val_loss: 0.59664, val_acc: 0.82320, train_loss: 0.89041, train_acc: 0.83193
Epoch 13 | val_loss: 0.68161, val_acc: 0.78020, train_loss: 0.88399, train_acc: 0.83500
[slurm61964909_gr070_gpu0_1] Sync: 0 success, 5 failed, 7 pending
Epoch 14 | val_loss: 0.57479, val_acc: 0.82500, train_loss: 0.86780, train_acc: 0.84180
[slurm61964909_gr070_gpu0_1] Sync: 0 success, 5 failed, 2 pending
Epoch 15 | val_loss: 0.59623, val_acc: 0.81180, train_loss: 0.85812, train_acc: 0.84553
[slurm61964909_gr070_gpu0_1] Sync: 0 success, 2 failed, 0 pending
Epoch 16 | val_loss: 0.54003, val_acc: 0.83780, train_loss: 0.84863, train_acc: 0.85062
Epoch 17 | val_loss: 0.56937, val_acc: 0.82720, train_loss: 0.84098, train_acc: 0.85160
Epoch 18 | val_loss: 0.52891, val_acc: 0.83680, train_loss: 0.82426, train_acc: 0.86058
[slurm61964909_gr070_gpu0_1] Sync: 0 success, 5 failed, 0 pending
Epoch 19 | val_loss: 0.63384, val_acc: 0.79500, train_loss: 0.82209, train_acc: 0.86244
[slurm61964909_gr070_gpu0_1] Sync: 0 success, 5 failed, 0 pending
Epoch 20 | val_loss: 0.56846, val_acc: 0.82040, train_loss: 0.81053, train_acc: 0.86569
[slurm61964909_gr070_gpu0_1] Sync: 0 success, 2 failed, 0 pending
Epoch 21 | val_loss: 0.55297, val_acc: 0.82440, train_loss: 0.79795, train_acc: 0.87313
Epoch 22 | val_loss: 0.55249, val_acc: 0.82940, train_loss: 0.78818, train_acc: 0.87678
Epoch 23 | val_loss: 0.57513, val_acc: 0.82720, train_loss: 0.78420, train_acc: 0.87784
Epoch 24 | val_loss: 0.50131, val_acc: 0.85440, train_loss: 0.76643, train_acc: 0.88707
Epoch 25 | val_loss: 0.53170, val_acc: 0.84460, train_loss: 0.75821, train_acc: 0.89071
Epoch 26 | val_loss: 0.50413, val_acc: 0.85040, train_loss: 0.75044, train_acc: 0.89340
Epoch 27 | val_loss: 0.44823, val_acc: 0.86720, train_loss: 0.73548, train_acc: 0.90127
Epoch 28 | val_loss: 0.51253, val_acc: 0.84440, train_loss: 0.72717, train_acc: 0.90413
Epoch 29 | val_loss: 0.41367, val_acc: 0.88740, train_loss: 0.71321, train_acc: 0.91151
Epoch 30 | val_loss: 0.38273, val_acc: 0.89760, train_loss: 0.70519, train_acc: 0.91318
Epoch 31 | val_loss: 0.40096, val_acc: 0.88680, train_loss: 0.69538, train_acc: 0.91636
Epoch 32 | val_loss: 0.35500, val_acc: 0.90520, train_loss: 0.67719, train_acc: 0.92533
Epoch 33 | val_loss: 0.40425, val_acc: 0.88540, train_loss: 0.66743, train_acc: 0.92996
Epoch 34 | val_loss: 0.35544, val_acc: 0.89900, train_loss: 0.65322, train_acc: 0.93562
Epoch 35 | val_loss: 0.38228, val_acc: 0.89360, train_loss: 0.63747, train_acc: 0.94302
Epoch 36 | val_loss: 0.33315, val_acc: 0.91540, train_loss: 0.62776, train_acc: 0.94744
Epoch 37 | val_loss: 0.32280, val_acc: 0.91520, train_loss: 0.61369, train_acc: 0.95331
Epoch 38 | val_loss: 0.33610, val_acc: 0.91800, train_loss: 0.60019, train_acc: 0.96024
Epoch 39 | val_loss: 0.30233, val_acc: 0.92620, train_loss: 0.58854, train_acc: 0.96473
Epoch 40 | val_loss: 0.30246, val_acc: 0.92580, train_loss: 0.57536, train_acc: 0.97062
Epoch 41 | val_loss: 0.28592, val_acc: 0.93480, train_loss: 0.56240, train_acc: 0.97656
Epoch 42 | val_loss: 0.29085, val_acc: 0.93180, train_loss: 0.55223, train_acc: 0.98073
Epoch 43 | val_loss: 0.28131, val_acc: 0.93440, train_loss: 0.54464, train_acc: 0.98431
Epoch 44 | val_loss: 0.27125, val_acc: 0.93840, train_loss: 0.53565, train_acc: 0.98831
Epoch 45 | val_loss: 0.26959, val_acc: 0.93900, train_loss: 0.53043, train_acc: 0.99000
Epoch 46 | val_loss: 0.26783, val_acc: 0.94020, train_loss: 0.52926, train_acc: 0.99042
Epoch 47 | val_loss: 0.26636, val_acc: 0.93960, train_loss: 0.52356, train_acc: 0.99287
Epoch 48 | val_loss: 0.26350, val_acc: 0.94160, train_loss: 0.52298, train_acc: 0.99313
Epoch 49 | val_loss: 0.26287, val_acc: 0.94060, train_loss: 0.52128, train_acc: 0.99382
`Trainer.fit` stopped: `max_epochs=50` reached.
[slurm61964909_gr070_gpu0_1] Job d6cc6f83-6ffa-4ddb-b59d-ad9aa1be276f completed successfully
[slurm61964909_gr070_gpu0_1] Claimed job 56131c09-1383-451a-922f-374b52f57bf6 (priority=10)
[slurm61964909_gr070_gpu0_1] Executing job 56131c09-1383-451a-922f-374b52f57bf6 with _target_=dr_exp.trainers.decon_trainer.train_classification
GPU available: True (cuda), used: True
TPU available: False, using: 0 TPU cores
HPU available: False, using: 0 HPUs
LOCAL_RANK: 0 - CUDA_VISIBLE_DEVICES: [0]

  | Name      | Type             | Params | Mode 
-------------------------------------------------------
0 | model     | CifarResNet18    | 11.2 M | train
1 | criterion | CrossEntropyLoss | 0      | train
-------------------------------------------------------
11.2 M    Trainable params
0         Non-trainable params
11.2 M    Total params
44.696    Total estimated model params size (MB)
70        Modules in train mode
0         Modules in eval mode
Epoch 0 | val_loss: 2.30330, val_acc: 0.06641
[slurm61964909_gr070_gpu0_1] Sync: 0 success, 5 failed, 11 pending
Epoch 0 | val_loss: 1.49424, val_acc: 0.47340
Epoch 1 | val_loss: 1.14812, val_acc: 0.60460, train_loss: 1.84993, train_acc: 0.36262
[SyncHandler] Uploaded config.json (logs)
[SyncHandler] Uploaded metrics.jsonl (metrics)
[slurm61964909_gr070_gpu0_1] Sync: 2 success, 3 failed, 18 pending
Epoch 2 | val_loss: 1.25587, val_acc: 0.59240, train_loss: 1.42513, train_acc: 0.57896
[SyncHandler] Uploaded events.jsonl (metrics)
[SyncHandler] Uploaded metadata.json (logs)
[SyncHandler] Uploaded config.json (logs)
[SyncHandler] Uploaded metrics.jsonl (metrics)
Epoch 3 | val_loss: 0.83072, val_acc: 0.72540, train_loss: 1.21438, train_acc: 0.68133
[SyncHandler] Uploaded events.jsonl (metrics)
[slurm61964909_gr070_gpu0_1] Sync: 5 success, 0 failed, 17 pending
Epoch 4 | val_loss: 0.97821, val_acc: 0.68780, train_loss: 1.11841, train_acc: 0.72878
[SyncHandler] Uploaded metadata.json (logs)
[slurm61964909_gr070_gpu0_1] Sync: 1 success, 4 failed, 12 pending
Epoch 5 | val_loss: 1.04456, val_acc: 0.66860, train_loss: 1.06089, train_acc: 0.75524
Epoch 6 | val_loss: 0.79651, val_acc: 0.74400, train_loss: 1.02664, train_acc: 0.76924
[slurm61964909_gr070_gpu0_1] Sync: 0 success, 5 failed, 12 pending
Epoch 7 | val_loss: 0.75480, val_acc: 0.76200, train_loss: 0.99843, train_acc: 0.78329
[slurm61964909_gr070_gpu0_1] Sync: 0 success, 5 failed, 9 pending
Epoch 8 | val_loss: 1.22505, val_acc: 0.60780, train_loss: 0.97878, train_acc: 0.79084
Epoch 9 | val_loss: 0.87881, val_acc: 0.71900, train_loss: 0.97122, train_acc: 0.79451
[slurm61964909_gr070_gpu0_1] Sync: 0 success, 5 failed, 3 pending
Epoch 10 | val_loss: 0.78466, val_acc: 0.75000, train_loss: 0.96063, train_acc: 0.79858
[slurm61964909_gr070_gpu0_1] Sync: 0 success, 5 failed, 2 pending
Epoch 11 | val_loss: 0.75498, val_acc: 0.76480, train_loss: 0.95719, train_acc: 0.80084
Epoch 12 | val_loss: 0.71600, val_acc: 0.76760, train_loss: 0.94022, train_acc: 0.80820
[slurm61964909_gr070_gpu0_1] Sync: 0 success, 4 failed, 0 pending
Epoch 13 | val_loss: 0.73613, val_acc: 0.76320, train_loss: 0.93557, train_acc: 0.81022
Epoch 14 | val_loss: 0.68814, val_acc: 0.78120, train_loss: 0.92425, train_acc: 0.81393
[slurm61964909_gr070_gpu0_1] Sync: 0 success, 3 failed, 0 pending
Epoch 15 | val_loss: 0.73681, val_acc: 0.76700, train_loss: 0.92647, train_acc: 0.81476
[slurm61964909_gr070_gpu0_1] Sync: 0 success, 3 failed, 0 pending
Epoch 16 | val_loss: 0.88500, val_acc: 0.72180, train_loss: 0.92064, train_acc: 0.81860
Epoch 17 | val_loss: 0.73409, val_acc: 0.76260, train_loss: 0.91026, train_acc: 0.82296
Epoch 18 | val_loss: 0.73068, val_acc: 0.76420, train_loss: 0.91017, train_acc: 0.82227
[slurm61964909_gr070_gpu0_1] Sync: 0 success, 2 failed, 0 pending
Epoch 19 | val_loss: 0.64878, val_acc: 0.79520, train_loss: 0.89989, train_acc: 0.82738
Epoch 20 | val_loss: 0.65563, val_acc: 0.79360, train_loss: 0.90362, train_acc: 0.82516
Epoch 21 | val_loss: 0.83196, val_acc: 0.73100, train_loss: 0.89308, train_acc: 0.82960
[SyncHandler] Uploaded config.json (logs)
[SyncHandler] Uploaded metrics.jsonl (metrics)
[SyncHandler] Uploaded events.jsonl (metrics)
[SyncHandler] Uploaded metadata.json (logs)
[slurm61964909_gr070_gpu0_1] Sync: 4 success, 1 failed, 3 pending
Epoch 22 | val_loss: 0.79979, val_acc: 0.73980, train_loss: 0.88797, train_acc: 0.83278
[slurm61964909_gr070_gpu0_1] Sync: 0 success, 3 failed, 1 pending
Epoch 23 | val_loss: 0.57976, val_acc: 0.82200, train_loss: 0.88923, train_acc: 0.82960
[slurm61964909_gr070_gpu0_1] Sync: 0 success, 1 failed, 1 pending
Epoch 24 | val_loss: 0.74126, val_acc: 0.76680, train_loss: 0.88584, train_acc: 0.83247
Epoch 25 | val_loss: 0.62446, val_acc: 0.80540, train_loss: 0.87799, train_acc: 0.83629
[slurm61964909_gr070_gpu0_1] Sync: 0 success, 5 failed, 1 pending
Epoch 26 | val_loss: 0.60610, val_acc: 0.81320, train_loss: 0.87904, train_acc: 0.83671
[slurm61964909_gr070_gpu0_1] Sync: 0 success, 5 failed, 2 pending
Epoch 27 | val_loss: 0.66413, val_acc: 0.79720, train_loss: 0.87335, train_acc: 0.83858
[slurm61964909_gr070_gpu0_1] Sync: 0 success, 3 failed, 1 pending
Epoch 28 | val_loss: 0.65081, val_acc: 0.79840, train_loss: 0.86585, train_acc: 0.83976
[slurm61964909_gr070_gpu0_1] Sync: 0 success, 1 failed, 1 pending
Epoch 29 | val_loss: 0.84233, val_acc: 0.73340, train_loss: 0.87271, train_acc: 0.83844
Epoch 30 | val_loss: 0.37718, val_acc: 0.89300, train_loss: 0.86748, train_acc: 0.84104
[slurm61964909_gr070_gpu0_1] Sync: 0 success, 5 failed, 6 pending
Epoch 31 | val_loss: 0.35448, val_acc: 0.90600, train_loss: 0.73049, train_acc: 0.90171
[slurm61964909_gr070_gpu0_1] Sync: 0 success, 5 failed, 5 pending
Epoch 32 | val_loss: 0.35303, val_acc: 0.90180, train_loss: 0.68683, train_acc: 0.92078
[slurm61964909_gr070_gpu0_1] Sync: 0 success, 5 failed, 1 pending
Epoch 33 | val_loss: 0.33607, val_acc: 0.90540, train_loss: 0.66907, train_acc: 0.92800
[slurm61964909_gr070_gpu0_1] Sync: 0 success, 1 failed, 1 pending
Epoch 34 | val_loss: 0.34633, val_acc: 0.90460, train_loss: 0.65900, train_acc: 0.93340
[slurm61964909_gr070_gpu0_1] Sync: 0 success, 5 failed, 1 pending
Epoch 35 | val_loss: 0.34385, val_acc: 0.90640, train_loss: 0.64481, train_acc: 0.93940
[slurm61964909_gr070_gpu0_1] Sync: 0 success, 5 failed, 2 pending
Epoch 36 | val_loss: 0.32492, val_acc: 0.91000, train_loss: 0.63898, train_acc: 0.94213
[slurm61964909_gr070_gpu0_1] Sync: 0 success, 2 failed, 2 pending
Epoch 37 | val_loss: 0.33071, val_acc: 0.91160, train_loss: 0.63141, train_acc: 0.94544
Epoch 38 | val_loss: 0.32995, val_acc: 0.91280, train_loss: 0.62678, train_acc: 0.94716
[slurm61964909_gr070_gpu0_1] Sync: 0 success, 5 failed, 4 pending
Epoch 39 | val_loss: 0.34152, val_acc: 0.90780, train_loss: 0.61900, train_acc: 0.95078
[slurm61964909_gr070_gpu0_1] Sync: 0 success, 5 failed, 11 pending
Epoch 40 | val_loss: 0.32525, val_acc: 0.91360, train_loss: 0.61614, train_acc: 0.95169
[slurm61964909_gr070_gpu0_1] Sync: 0 success, 5 failed, 10 pending
Epoch 41 | val_loss: 0.33438, val_acc: 0.91060, train_loss: 0.60873, train_acc: 0.95556
[slurm61964909_gr070_gpu0_1] Sync: 0 success, 5 failed, 7 pending
Epoch 42 | val_loss: 0.33327, val_acc: 0.91020, train_loss: 0.60294, train_acc: 0.95658
[slurm61964909_gr070_gpu0_1] Sync: 0 success, 5 failed, 15 pending
Epoch 43 | val_loss: 0.32738, val_acc: 0.91580, train_loss: 0.60108, train_acc: 0.95909
[slurm61964909_gr070_gpu0_1] Sync: 0 success, 5 failed, 19 pending
Epoch 44 | val_loss: 0.34062, val_acc: 0.90880, train_loss: 0.59835, train_acc: 0.95920
Epoch 45 | val_loss: 0.33243, val_acc: 0.91080, train_loss: 0.59667, train_acc: 0.96000
[slurm61964909_gr070_gpu0_1] Sync: 0 success, 5 failed, 17 pending
Epoch 46 | val_loss: 0.37050, val_acc: 0.89940, train_loss: 0.59322, train_acc: 0.96164
[slurm61964909_gr070_gpu0_1] Sync: 0 success, 5 failed, 17 pending
Epoch 47 | val_loss: 0.32632, val_acc: 0.91800, train_loss: 0.58945, train_acc: 0.96376
[slurm61964909_gr070_gpu0_1] Sync: 0 success, 5 failed, 13 pending
Epoch 48 | val_loss: 0.34978, val_acc: 0.90640, train_loss: 0.58939, train_acc: 0.96267
[slurm61964909_gr070_gpu0_1] Sync: 0 success, 5 failed, 10 pending
Epoch 49 | val_loss: 0.35480, val_acc: 0.90740, train_loss: 0.58649, train_acc: 0.96451
`Trainer.fit` stopped: `max_epochs=50` reached.
[slurm61964909_gr070_gpu0_1] Job 56131c09-1383-451a-922f-374b52f57bf6 completed successfully
[slurm61964909_gr070_gpu0_1] Claimed job cac5aedd-0d95-4051-bc8c-aec40c9beab7 (priority=10)
[slurm61964909_gr070_gpu0_1] Executing job cac5aedd-0d95-4051-bc8c-aec40c9beab7 with _target_=dr_exp.trainers.decon_trainer.train_classification
GPU available: True (cuda), used: True
TPU available: False, using: 0 TPU cores
HPU available: False, using: 0 HPUs
LOCAL_RANK: 0 - CUDA_VISIBLE_DEVICES: [0]

  | Name      | Type             | Params | Mode 
-------------------------------------------------------
0 | model     | CifarAlexNet     | 2.4 M  | train
1 | criterion | CrossEntropyLoss | 0      | train
-------------------------------------------------------
2.4 M     Trainable params
0         Non-trainable params
2.4 M     Total params
9.768     Total estimated model params size (MB)
24        Modules in train mode
0         Modules in eval mode
Epoch 0 | val_loss: 2.35310, val_acc: 0.09766
Epoch 0 | val_loss: 1.86310, val_acc: 0.33420
[slurm61964909_gr070_gpu0_1] Sync: 0 success, 5 failed, 19 pending
Epoch 1 | val_loss: 1.71030, val_acc: 0.43220, train_loss: 2.28693, train_acc: 0.25102
Epoch 2 | val_loss: 1.51980, val_acc: 0.47460, train_loss: 1.95138, train_acc: 0.35758
Epoch 3 | val_loss: 1.44924, val_acc: 0.50040, train_loss: 1.79841, train_acc: 0.42180
[slurm61964909_gr070_gpu0_1] Sync: 0 success, 5 failed, 20 pending
Epoch 4 | val_loss: 1.41391, val_acc: 0.50860, train_loss: 1.70861, train_acc: 0.46684
Epoch 5 | val_loss: 1.23011, val_acc: 0.57460, train_loss: 1.59915, train_acc: 0.51507
Epoch 6 | val_loss: 1.41933, val_acc: 0.53880, train_loss: 1.54619, train_acc: 0.54267
[slurm61964909_gr070_gpu0_1] Sync: 0 success, 5 failed, 18 pending
Epoch 7 | val_loss: 1.15302, val_acc: 0.60360, train_loss: 1.47965, train_acc: 0.57247
Epoch 8 | val_loss: 1.09513, val_acc: 0.62780, train_loss: 1.43905, train_acc: 0.58773
Epoch 9 | val_loss: 1.04911, val_acc: 0.63020, train_loss: 1.39270, train_acc: 0.60760
[slurm61964909_gr070_gpu0_1] Sync: 0 success, 5 failed, 17 pending
Epoch 10 | val_loss: 1.07983, val_acc: 0.62920, train_loss: 1.36429, train_acc: 0.62407
Epoch 11 | val_loss: 0.99392, val_acc: 0.66820, train_loss: 1.34175, train_acc: 0.63242
Epoch 12 | val_loss: 1.01736, val_acc: 0.64940, train_loss: 1.31224, train_acc: 0.64356
[slurm61964909_gr070_gpu0_1] Sync: 0 success, 5 failed, 18 pending
Epoch 13 | val_loss: 1.06808, val_acc: 0.63960, train_loss: 1.29960, train_acc: 0.65107
Epoch 14 | val_loss: 0.96122, val_acc: 0.68220, train_loss: 1.28129, train_acc: 0.66178
Epoch 15 | val_loss: 0.97382, val_acc: 0.67780, train_loss: 1.25984, train_acc: 0.67016
[slurm61964909_gr070_gpu0_1] Sync: 0 success, 5 failed, 21 pending
Epoch 16 | val_loss: 1.00386, val_acc: 0.66720, train_loss: 1.25856, train_acc: 0.67224
Epoch 17 | val_loss: 0.93852, val_acc: 0.69520, train_loss: 1.23904, train_acc: 0.67684
Epoch 18 | val_loss: 1.01020, val_acc: 0.66160, train_loss: 1.22988, train_acc: 0.68440
[SyncHandler] Uploaded config.json (logs)
[slurm61964909_gr070_gpu0_1] Sync: 1 success, 4 failed, 19 pending
Epoch 19 | val_loss: 0.93399, val_acc: 0.67920, train_loss: 1.22570, train_acc: 0.68551
Epoch 20 | val_loss: 0.98697, val_acc: 0.67400, train_loss: 1.22107, train_acc: 0.68736
Epoch 21 | val_loss: 0.98709, val_acc: 0.68180, train_loss: 1.21231, train_acc: 0.68927
[slurm61964909_gr070_gpu0_1] Sync: 0 success, 5 failed, 19 pending
Epoch 22 | val_loss: 1.02338, val_acc: 0.65680, train_loss: 1.20517, train_acc: 0.69642
Epoch 23 | val_loss: 0.99866, val_acc: 0.67220, train_loss: 1.20747, train_acc: 0.69567
Epoch 24 | val_loss: 0.89252, val_acc: 0.71360, train_loss: 1.19334, train_acc: 0.69960
[slurm61964909_gr070_gpu0_1] Sync: 0 success, 5 failed, 18 pending
Epoch 25 | val_loss: 0.91124, val_acc: 0.69780, train_loss: 1.18672, train_acc: 0.70324
Epoch 26 | val_loss: 0.86348, val_acc: 0.71500, train_loss: 1.18295, train_acc: 0.70360
Epoch 27 | val_loss: 0.82166, val_acc: 0.72700, train_loss: 1.17194, train_acc: 0.71067
[SyncHandler] Uploaded events.jsonl (metrics)
[slurm61964909_gr070_gpu0_1] Sync: 1 success, 4 failed, 21 pending
Epoch 28 | val_loss: 0.96623, val_acc: 0.67880, train_loss: 1.16766, train_acc: 0.71089
Epoch 29 | val_loss: 0.93304, val_acc: 0.69440, train_loss: 1.18332, train_acc: 0.70169
Epoch 30 | val_loss: 0.68937, val_acc: 0.78080, train_loss: 1.17321, train_acc: 0.70949
[SyncHandler] Uploaded metadata.json (logs)
[slurm61964909_gr070_gpu0_1] Sync: 1 success, 4 failed, 20 pending
Epoch 31 | val_loss: 0.66499, val_acc: 0.78600, train_loss: 0.98408, train_acc: 0.79096
Epoch 32 | val_loss: 0.63508, val_acc: 0.79980, train_loss: 0.93480, train_acc: 0.81091
Epoch 33 | val_loss: 0.63649, val_acc: 0.79580, train_loss: 0.91311, train_acc: 0.82136
[slurm61964909_gr070_gpu0_1] Sync: 0 success, 5 failed, 19 pending
Epoch 34 | val_loss: 0.62631, val_acc: 0.80320, train_loss: 0.89445, train_acc: 0.82931
Epoch 35 | val_loss: 0.61558, val_acc: 0.80620, train_loss: 0.88063, train_acc: 0.83458
Epoch 36 | val_loss: 0.61802, val_acc: 0.80840, train_loss: 0.87014, train_acc: 0.84162
[slurm61964909_gr070_gpu0_1] Sync: 0 success, 5 failed, 18 pending
Epoch 37 | val_loss: 0.60656, val_acc: 0.81060, train_loss: 0.85938, train_acc: 0.84622
Epoch 38 | val_loss: 0.61238, val_acc: 0.81520, train_loss: 0.84869, train_acc: 0.84984
Epoch 39 | val_loss: 0.60033, val_acc: 0.81340, train_loss: 0.84142, train_acc: 0.85284
[slurm61964909_gr070_gpu0_1] Sync: 0 success, 5 failed, 20 pending
Epoch 40 | val_loss: 0.61308, val_acc: 0.80560, train_loss: 0.82964, train_acc: 0.85938
Epoch 41 | val_loss: 0.60128, val_acc: 0.80580, train_loss: 0.82298, train_acc: 0.86309
Epoch 42 | val_loss: 0.60061, val_acc: 0.81140, train_loss: 0.81786, train_acc: 0.86640
[slurm61964909_gr070_gpu0_1] Sync: 0 success, 5 failed, 20 pending
Epoch 43 | val_loss: 0.61772, val_acc: 0.80720, train_loss: 0.80972, train_acc: 0.87011
Epoch 44 | val_loss: 0.60241, val_acc: 0.81240, train_loss: 0.80249, train_acc: 0.87171
Epoch 45 | val_loss: 0.59494, val_acc: 0.81340, train_loss: 0.79497, train_acc: 0.87684
[slurm61964909_gr070_gpu0_1] Sync: 0 success, 5 failed, 25 pending
Epoch 46 | val_loss: 0.61883, val_acc: 0.80260, train_loss: 0.79098, train_acc: 0.87869
Epoch 47 | val_loss: 0.58165, val_acc: 0.81800, train_loss: 0.79063, train_acc: 0.87851
Epoch 48 | val_loss: 0.57709, val_acc: 0.82080, train_loss: 0.78212, train_acc: 0.88144
[slurm61964909_gr070_gpu0_1] Sync: 0 success, 5 failed, 31 pending
Epoch 49 | val_loss: 0.58454, val_acc: 0.81760, train_loss: 0.77547, train_acc: 0.88580
`Trainer.fit` stopped: `max_epochs=50` reached.
[slurm61964909_gr070_gpu0_1] Job cac5aedd-0d95-4051-bc8c-aec40c9beab7 completed successfully
[slurm61964909_gr070_gpu0_1] Claimed job 9d64f8c2-32b8-4598-9781-07a6567a06b8 (priority=10)
[slurm61964909_gr070_gpu0_1] Executing job 9d64f8c2-32b8-4598-9781-07a6567a06b8 with _target_=dr_exp.trainers.decon_trainer.train_classification
GPU available: True (cuda), used: True
TPU available: False, using: 0 TPU cores
HPU available: False, using: 0 HPUs
LOCAL_RANK: 0 - CUDA_VISIBLE_DEVICES: [0]

  | Name      | Type             | Params | Mode 
-------------------------------------------------------
0 | model     | CifarResNet18    | 11.2 M | train
1 | criterion | CrossEntropyLoss | 0      | train
-------------------------------------------------------
11.2 M    Trainable params
0         Non-trainable params
11.2 M    Total params
44.657    Total estimated model params size (MB)
70        Modules in train mode
0         Modules in eval mode
Epoch 0 | val_loss: 2.30258, val_acc: 0.08203
[slurm61964909_gr070_gpu0_1] Sync: 0 success, 5 failed, 34 pending
Epoch 0 | val_loss: 2.30426, val_acc: 0.09980
[slurm61964909_gr070_gpu0_1] Sync: 0 success, 5 failed, 35 pending
Epoch 1 | val_loss: 2.30278, val_acc: 0.10260, train_loss: 2.30415, train_acc: 0.10162
[slurm61964909_gr070_gpu0_1] Sync: 0 success, 5 failed, 35 pending
Epoch 2 | val_loss: 2.30393, val_acc: 0.09980, train_loss: 2.30405, train_acc: 0.09900
[slurm61964909_gr070_gpu0_1] Sync: 0 success, 5 failed, 42 pending
Epoch 3 | val_loss: 2.30400, val_acc: 0.09900, train_loss: 2.30422, train_acc: 0.09807
[slurm61964909_gr070_gpu0_1] Sync: 0 success, 5 failed, 42 pending
Epoch 4 | val_loss: 2.30304, val_acc: 0.10260, train_loss: 2.30427, train_acc: 0.10153
[slurm61964909_gr070_gpu0_1] Sync: 0 success, 5 failed, 41 pending
Epoch 5 | val_loss: 2.30382, val_acc: 0.09980, train_loss: 2.30395, train_acc: 0.09984
[slurm61964909_gr070_gpu0_1] Sync: 0 success, 5 failed, 44 pending
Epoch 6 | val_loss: 2.30525, val_acc: 0.10260, train_loss: 2.30413, train_acc: 0.09982
[slurm61964909_gr070_gpu0_1] Sync: 0 success, 5 failed, 43 pending
Epoch 7 | val_loss: 2.30277, val_acc: 0.09340, train_loss: 2.30383, train_acc: 0.10076
[slurm61964909_gr070_gpu0_1] Sync: 0 success, 5 failed, 42 pending
Epoch 8 | val_loss: 2.30262, val_acc: 0.09980, train_loss: 2.30433, train_acc: 0.09942
[slurm61964909_gr070_gpu0_1] Sync: 0 success, 5 failed, 45 pending
Epoch 9 | val_loss: 2.30384, val_acc: 0.10260, train_loss: 2.30390, train_acc: 0.09956
[slurm61964909_gr070_gpu0_1] Sync: 0 success, 5 failed, 52 pending
[slurm61964909_gr070_gpu0_1] Sync: 0 success, 5 failed, 57 pending
Epoch 10 | val_loss: 2.30235, val_acc: 0.11100, train_loss: 2.30396, train_acc: 0.09882
[slurm61964909_gr070_gpu0_1] Sync: 0 success, 5 failed, 58 pending
Epoch 11 | val_loss: 2.30543, val_acc: 0.09340, train_loss: 2.30397, train_acc: 0.09991
[slurm61964909_gr070_gpu0_1] Sync: 0 success, 5 failed, 57 pending
Epoch 12 | val_loss: 2.30426, val_acc: 0.09900, train_loss: 2.30417, train_acc: 0.09862
[slurm61964909_gr070_gpu0_1] Sync: 0 success, 5 failed, 56 pending
Epoch 13 | val_loss: 2.30276, val_acc: 0.09900, train_loss: 2.30378, train_acc: 0.09980
[slurm61964909_gr070_gpu0_1] Sync: 0 success, 5 failed, 55 pending
Epoch 14 | val_loss: 2.30281, val_acc: 0.09800, train_loss: 2.30416, train_acc: 0.09764
[slurm61964909_gr070_gpu0_1] Sync: 0 success, 5 failed, 54 pending
Epoch 15 | val_loss: 2.30474, val_acc: 0.09800, train_loss: 2.30400, train_acc: 0.09882
[slurm61964909_gr070_gpu0_1] Sync: 0 success, 5 failed, 58 pending
Epoch 16 | val_loss: 2.30259, val_acc: 0.11100, train_loss: 2.30421, train_acc: 0.09987
[slurm61964909_gr070_gpu0_1] Sync: 0 success, 5 failed, 58 pending
Epoch 17 | val_loss: 2.30626, val_acc: 0.09900, train_loss: 2.30414, train_acc: 0.09976
[slurm61964909_gr070_gpu0_1] Sync: 0 success, 5 failed, 58 pending
Epoch 18 | val_loss: 2.30477, val_acc: 0.09420, train_loss: 2.30416, train_acc: 0.09902
[slurm61964909_gr070_gpu0_1] Sync: 0 success, 5 failed, 58 pending
Epoch 19 | val_loss: 2.30376, val_acc: 0.10460, train_loss: 2.30381, train_acc: 0.10120
[slurm61964909_gr070_gpu0_1] Sync: 0 success, 5 failed, 58 pending
Epoch 20 | val_loss: 2.30193, val_acc: 0.10260, train_loss: 2.30421, train_acc: 0.09907
[slurm61964909_gr070_gpu0_1] Sync: 0 success, 5 failed, 58 pending
[slurm61964909_gr070_gpu0_1] Sync: 0 success, 5 failed, 62 pending
Epoch 21 | val_loss: 2.30333, val_acc: 0.10260, train_loss: 2.30421, train_acc: 0.09916
[slurm61964909_gr070_gpu0_1] Sync: 0 success, 5 failed, 70 pending
Epoch 22 | val_loss: 2.30496, val_acc: 0.09420, train_loss: 2.30392, train_acc: 0.09851
[slurm61964909_gr070_gpu0_1] Sync: 0 success, 5 failed, 74 pending
[slurm61964909_gr070_gpu0_1] Sync: 0 success, 5 failed, 74 pending
Epoch 23 | val_loss: 2.30451, val_acc: 0.09900, train_loss: 2.30413, train_acc: 0.09949
[slurm61964909_gr070_gpu0_1] Sync: 0 success, 5 failed, 78 pending
[slurm61964909_gr070_gpu0_1] Sync: 0 success, 5 failed, 82 pending
Epoch 24 | val_loss: 2.30682, val_acc: 0.09420, train_loss: 2.30396, train_acc: 0.10236
[slurm61964909_gr070_gpu0_1] Sync: 0 success, 5 failed, 82 pending
[slurm61964909_gr070_gpu0_1] Sync: 0 success, 5 failed, 86 pending
Epoch 25 | val_loss: 2.30501, val_acc: 0.09420, train_loss: 2.30414, train_acc: 0.09684
[slurm61964909_gr070_gpu0_1] Sync: 0 success, 5 failed, 86 pending
Epoch 26 | val_loss: 2.30426, val_acc: 0.09980, train_loss: 2.30420, train_acc: 0.10007
[slurm61964909_gr070_gpu0_1] Sync: 0 success, 5 failed, 86 pending
[slurm61964909_gr070_gpu0_1] Sync: 0 success, 5 failed, 86 pending
Epoch 27 | val_loss: 2.30445, val_acc: 0.11100, train_loss: 2.30422, train_acc: 0.09920
[slurm61964909_gr070_gpu0_1] Sync: 0 success, 5 failed, 90 pending
[slurm61964909_gr070_gpu0_1] Sync: 0 success, 5 failed, 94 pending
Epoch 28 | val_loss: 2.30304, val_acc: 0.11100, train_loss: 2.30417, train_acc: 0.09822
[slurm61964909_gr070_gpu0_1] Sync: 0 success, 5 failed, 94 pending
Epoch 29 | val_loss: 2.30339, val_acc: 0.09800, train_loss: 2.30403, train_acc: 0.09980
[slurm61964909_gr070_gpu0_1] Sync: 0 success, 5 failed, 94 pending
[slurm61964909_gr070_gpu0_1] Sync: 0 success, 5 failed, 94 pending
Epoch 30 | val_loss: 2.30329, val_acc: 0.09480, train_loss: 2.30420, train_acc: 0.10033
[slurm61964909_gr070_gpu0_1] Sync: 0 success, 5 failed, 98 pending
[slurm61964909_gr070_gpu0_1] Sync: 0 success, 5 failed, 106 pending
Epoch 31 | val_loss: 2.30299, val_acc: 0.09420, train_loss: 2.30289, train_acc: 0.10031
[slurm61964909_gr070_gpu0_1] Sync: 0 success, 5 failed, 106 pending
[slurm61964909_gr070_gpu0_1] Sync: 0 success, 5 failed, 106 pending
Epoch 32 | val_loss: 2.30291, val_acc: 0.09340, train_loss: 2.30277, train_acc: 0.10024
[slurm61964909_gr070_gpu0_1] Sync: 0 success, 5 failed, 106 pending
Epoch 33 | val_loss: 2.30294, val_acc: 0.09340, train_loss: 2.30274, train_acc: 0.10151
[slurm61964909_gr070_gpu0_1] Sync: 0 success, 5 failed, 106 pending
[slurm61964909_gr070_gpu0_1] Sync: 0 success, 5 failed, 110 pending
Epoch 34 | val_loss: 2.30316, val_acc: 0.09340, train_loss: 2.30278, train_acc: 0.10007
[slurm61964909_gr070_gpu0_1] Sync: 0 success, 5 failed, 110 pending
[slurm61964909_gr070_gpu0_1] Sync: 0 success, 5 failed, 110 pending
Epoch 35 | val_loss: 2.30282, val_acc: 0.09340, train_loss: 2.30278, train_acc: 0.09840
[slurm61964909_gr070_gpu0_1] Sync: 0 success, 5 failed, 118 pending
[slurm61964909_gr070_gpu0_1] Sync: 0 success, 5 failed, 118 pending
Epoch 36 | val_loss: 2.30319, val_acc: 0.10260, train_loss: 2.30277, train_acc: 0.09767
[slurm61964909_gr070_gpu0_1] Sync: 0 success, 5 failed, 118 pending
Epoch 37 | val_loss: 2.30322, val_acc: 0.09420, train_loss: 2.30275, train_acc: 0.09793
[slurm61964909_gr070_gpu0_1] Sync: 0 success, 5 failed, 118 pending
[slurm61964909_gr070_gpu0_1] Sync: 0 success, 5 failed, 118 pending
Epoch 38 | val_loss: 2.30315, val_acc: 0.09980, train_loss: 2.30279, train_acc: 0.09616
[slurm61964909_gr070_gpu0_1] Sync: 0 success, 5 failed, 118 pending
[slurm61964909_gr070_gpu0_1] Sync: 0 success, 5 failed, 118 pending
Epoch 39 | val_loss: 2.30282, val_acc: 0.09420, train_loss: 2.30275, train_acc: 0.09929
[slurm61964909_gr070_gpu0_1] Sync: 0 success, 5 failed, 122 pending
[slurm61964909_gr070_gpu0_1] Sync: 0 success, 5 failed, 126 pending
Epoch 40 | val_loss: 2.30321, val_acc: 0.09480, train_loss: 2.30276, train_acc: 0.10042
[slurm61964909_gr070_gpu0_1] Sync: 0 success, 5 failed, 130 pending
Epoch 41 | val_loss: 2.30329, val_acc: 0.09340, train_loss: 2.30275, train_acc: 0.09924
[slurm61964909_gr070_gpu0_1] Sync: 0 success, 5 failed, 130 pending
[slurm61964909_gr070_gpu0_1] Sync: 0 success, 5 failed, 138 pending
Epoch 42 | val_loss: 2.30292, val_acc: 0.09340, train_loss: 2.30278, train_acc: 0.10064
[slurm61964909_gr070_gpu0_1] Sync: 0 success, 5 failed, 138 pending
[slurm61964909_gr070_gpu0_1] Sync: 0 success, 5 failed, 142 pending
Epoch 43 | val_loss: 2.30288, val_acc: 0.09420, train_loss: 2.30282, train_acc: 0.09758
[slurm61964909_gr070_gpu0_1] Sync: 0 success, 5 failed, 142 pending
Epoch 44 | val_loss: 2.30320, val_acc: 0.09900, train_loss: 2.30276, train_acc: 0.09884
[slurm61964909_gr070_gpu0_1] Sync: 0 success, 5 failed, 142 pending
[slurm61964909_gr070_gpu0_1] Sync: 0 success, 5 failed, 142 pending
Epoch 45 | val_loss: 2.30299, val_acc: 0.09340, train_loss: 2.30281, train_acc: 0.09687
[slurm61964909_gr070_gpu0_1] Sync: 0 success, 5 failed, 142 pending
[slurm61964909_gr070_gpu0_1] Sync: 0 success, 5 failed, 142 pending
Epoch 46 | val_loss: 2.30302, val_acc: 0.09480, train_loss: 2.30280, train_acc: 0.09924
[slurm61964909_gr070_gpu0_1] Sync: 0 success, 5 failed, 142 pending
[slurm61964909_gr070_gpu0_1] Sync: 0 success, 5 failed, 142 pending
Epoch 47 | val_loss: 2.30318, val_acc: 0.10260, train_loss: 2.30279, train_acc: 0.09818
[slurm61964909_gr070_gpu0_1] Sync: 0 success, 5 failed, 146 pending
Epoch 48 | val_loss: 2.30294, val_acc: 0.09340, train_loss: 2.30270, train_acc: 0.10002
[slurm61964909_gr070_gpu0_1] Sync: 0 success, 5 failed, 146 pending
[slurm61964909_gr070_gpu0_1] Sync: 0 success, 5 failed, 150 pending
Epoch 49 | val_loss: 2.30300, val_acc: 0.09480, train_loss: 2.30280, train_acc: 0.10049
`Trainer.fit` stopped: `max_epochs=50` reached.
[slurm61964909_gr070_gpu0_1] Job 9d64f8c2-32b8-4598-9781-07a6567a06b8 completed successfully
[slurm61964909_gr070_gpu0_1] Claimed job a7282cff-5a7b-4ec6-a48f-c1eea7a9cc8b (priority=10)
[slurm61964909_gr070_gpu0_1] Executing job a7282cff-5a7b-4ec6-a48f-c1eea7a9cc8b with _target_=dr_exp.trainers.decon_trainer.train_classification
GPU available: True (cuda), used: True
TPU available: False, using: 0 TPU cores
HPU available: False, using: 0 HPUs
LOCAL_RANK: 0 - CUDA_VISIBLE_DEVICES: [0]

  | Name      | Type             | Params | Mode 
-------------------------------------------------------
0 | model     | CifarResNet18    | 11.2 M | train
1 | criterion | CrossEntropyLoss | 0      | train
-------------------------------------------------------
11.2 M    Trainable params
0         Non-trainable params
11.2 M    Total params
44.696    Total estimated model params size (MB)
70        Modules in train mode
0         Modules in eval mode
Epoch 0 | val_loss: 2.30795, val_acc: 0.12500
[slurm61964909_gr070_gpu0_1] Sync: 0 success, 5 failed, 154 pending
Epoch 0 | val_loss: 2.31263, val_acc: 0.08460
[slurm61964909_gr070_gpu0_1] Sync: 0 success, 5 failed, 154 pending
Epoch 1 | val_loss: 1.69953, val_acc: 0.38640, train_loss: 2.31040, train_acc: 0.09164
[slurm61964909_gr070_gpu0_1] Sync: 0 success, 5 failed, 153 pending
Epoch 2 | val_loss: 1.52302, val_acc: 0.50860, train_loss: 2.21650, train_acc: 0.19647
[slurm61964909_gr070_gpu0_1] Sync: 0 success, 5 failed, 152 pending
Epoch 3 | val_loss: 1.32701, val_acc: 0.57220, train_loss: 2.10495, train_acc: 0.25853
[slurm61964909_gr070_gpu0_1] Sync: 0 success, 5 failed, 151 pending
[slurm61964909_gr070_gpu0_1] Sync: 0 success, 5 failed, 150 pending
Epoch 4 | val_loss: 1.35333, val_acc: 0.55940, train_loss: 2.01505, train_acc: 0.32267
[slurm61964909_gr070_gpu0_1] Sync: 0 success, 5 failed, 153 pending
Epoch 5 | val_loss: 1.15743, val_acc: 0.65920, train_loss: 1.97532, train_acc: 0.35100
[slurm61964909_gr070_gpu0_1] Sync: 0 success, 5 failed, 157 pending
Epoch 6 | val_loss: 1.19409, val_acc: 0.67780, train_loss: 1.92414, train_acc: 0.38878
[slurm61964909_gr070_gpu0_1] Sync: 0 success, 5 failed, 157 pending
Epoch 7 | val_loss: 1.12860, val_acc: 0.70240, train_loss: 1.89743, train_acc: 0.39127
[slurm61964909_gr070_gpu0_1] Sync: 0 success, 5 failed, 157 pending
Epoch 8 | val_loss: 1.06738, val_acc: 0.69520, train_loss: 1.86786, train_acc: 0.38716
[slurm61964909_gr070_gpu0_1] Sync: 0 success, 5 failed, 157 pending
Epoch 9 | val_loss: 1.02318, val_acc: 0.71940, train_loss: 1.84046, train_acc: 0.42669
[slurm61964909_gr070_gpu0_1] Sync: 0 success, 5 failed, 156 pending
Epoch 10 | val_loss: 1.02711, val_acc: 0.71500, train_loss: 1.80281, train_acc: 0.42907
[slurm61964909_gr070_gpu0_1] Sync: 0 success, 5 failed, 155 pending
Epoch 11 | val_loss: 1.01313, val_acc: 0.71920, train_loss: 1.80237, train_acc: 0.43742
[slurm61964909_gr070_gpu0_1] Sync: 0 success, 5 failed, 166 pending
Epoch 12 | val_loss: 1.12624, val_acc: 0.68620, train_loss: 1.78699, train_acc: 0.43416
[slurm61964909_gr070_gpu0_1] Sync: 0 success, 5 failed, 169 pending
Epoch 13 | val_loss: 0.95956, val_acc: 0.74620, train_loss: 1.80002, train_acc: 0.43982
[slurm61964909_gr070_gpu0_1] Sync: 0 success, 5 failed, 169 pending
Epoch 14 | val_loss: 1.00887, val_acc: 0.72560, train_loss: 1.76696, train_acc: 0.46360
[slurm61964909_gr070_gpu0_1] Sync: 0 success, 5 failed, 169 pending
Epoch 15 | val_loss: 1.06371, val_acc: 0.71340, train_loss: 1.76858, train_acc: 0.45722
[slurm61964909_gr070_gpu0_1] Sync: 0 success, 5 failed, 169 pending
Epoch 16 | val_loss: 0.91412, val_acc: 0.77380, train_loss: 1.74861, train_acc: 0.45138
[slurm61964909_gr070_gpu0_1] Sync: 0 success, 5 failed, 169 pending
Epoch 17 | val_loss: 0.86497, val_acc: 0.78400, train_loss: 1.73832, train_acc: 0.46627
[slurm61964909_gr070_gpu0_1] Sync: 0 success, 5 failed, 168 pending
Epoch 18 | val_loss: 0.84812, val_acc: 0.76900, train_loss: 1.73094, train_acc: 0.46571
[slurm61964909_gr070_gpu0_1] Sync: 0 success, 5 failed, 167 pending
Epoch 19 | val_loss: 0.93651, val_acc: 0.74660, train_loss: 1.72399, train_acc: 0.49313
[slurm61964909_gr070_gpu0_1] Sync: 0 success, 5 failed, 174 pending
Epoch 20 | val_loss: 0.92412, val_acc: 0.80200, train_loss: 1.73269, train_acc: 0.48267
[slurm61964909_gr070_gpu0_1] Sync: 0 success, 5 failed, 173 pending
Epoch 21 | val_loss: 0.81598, val_acc: 0.81220, train_loss: 1.73479, train_acc: 0.47009
[slurm61964909_gr070_gpu0_1] Sync: 0 success, 5 failed, 173 pending
Epoch 22 | val_loss: 0.80476, val_acc: 0.80660, train_loss: 1.71308, train_acc: 0.48893
[slurm61964909_gr070_gpu0_1] Sync: 0 success, 5 failed, 173 pending
[slurm61964909_gr070_gpu0_1] Sync: 0 success, 5 failed, 173 pending
Epoch 23 | val_loss: 0.79293, val_acc: 0.81540, train_loss: 1.71140, train_acc: 0.48044
[slurm61964909_gr070_gpu0_1] Sync: 0 success, 5 failed, 173 pending
Epoch 24 | val_loss: 0.75789, val_acc: 0.83600, train_loss: 1.69726, train_acc: 0.49709
[slurm61964909_gr070_gpu0_1] Sync: 0 success, 5 failed, 176 pending
Epoch 25 | val_loss: 0.84999, val_acc: 0.80460, train_loss: 1.71093, train_acc: 0.49171
[SyncHandler] Uploaded config.json (logs)
[slurm61964909_gr070_gpu0_1] Sync: 1 success, 4 failed, 175 pending
Epoch 26 | val_loss: 0.74574, val_acc: 0.83660, train_loss: 1.66466, train_acc: 0.49551
[SyncHandler] Uploaded metrics.jsonl (metrics)
[slurm61964909_gr070_gpu0_1] Sync: 1 success, 4 failed, 178 pending
Epoch 27 | val_loss: 0.79547, val_acc: 0.83060, train_loss: 1.66905, train_acc: 0.48807
[SyncHandler] Uploaded events.jsonl (metrics)
[slurm61964909_gr070_gpu0_1] Sync: 1 success, 4 failed, 181 pending
Epoch 28 | val_loss: 0.75710, val_acc: 0.83780, train_loss: 1.67561, train_acc: 0.50091
[slurm61964909_gr070_gpu0_1] Sync: 0 success, 5 failed, 181 pending
Epoch 29 | val_loss: 0.78113, val_acc: 0.83460, train_loss: 1.67300, train_acc: 0.50687
[SyncHandler] Uploaded metadata.json (logs)
[slurm61964909_gr070_gpu0_1] Sync: 1 success, 4 failed, 180 pending
Epoch 30 | val_loss: 0.76350, val_acc: 0.84080, train_loss: 1.65341, train_acc: 0.51902
[SyncHandler] Uploaded config.json (logs)
[slurm61964909_gr070_gpu0_1] Sync: 1 success, 4 failed, 179 pending
Epoch 31 | val_loss: 0.76745, val_acc: 0.85180, train_loss: 1.62938, train_acc: 0.53304
[SyncHandler] Uploaded metrics.jsonl (metrics)
[slurm61964909_gr070_gpu0_1] Sync: 1 success, 4 failed, 186 pending
Epoch 32 | val_loss: 0.72178, val_acc: 0.86420, train_loss: 1.64060, train_acc: 0.52651
Epoch 33 | val_loss: 0.73618, val_acc: 0.85480, train_loss: 1.62836, train_acc: 0.51476
[SyncHandler] Uploaded events.jsonl (metrics)
[slurm61964909_gr070_gpu0_1] Sync: 1 success, 4 failed, 185 pending
Epoch 34 | val_loss: 0.62205, val_acc: 0.88120, train_loss: 1.64088, train_acc: 0.51151
Epoch 35 | val_loss: 0.70782, val_acc: 0.86340, train_loss: 1.64275, train_acc: 0.52727
[SyncHandler] Uploaded metadata.json (logs)
[slurm61964909_gr070_gpu0_1] Sync: 1 success, 4 failed, 184 pending
Epoch 36 | val_loss: 0.69440, val_acc: 0.88040, train_loss: 1.62114, train_acc: 0.52669
Epoch 37 | val_loss: 0.67064, val_acc: 0.89460, train_loss: 1.60703, train_acc: 0.53576
[slurm61964909_gr070_gpu0_1] Sync: 0 success, 5 failed, 183 pending
Epoch 38 | val_loss: 0.67128, val_acc: 0.87920, train_loss: 1.59359, train_acc: 0.51253
Epoch 39 | val_loss: 0.65105, val_acc: 0.89660, train_loss: 1.57203, train_acc: 0.54011
[slurm61964909_gr070_gpu0_1] Sync: 0 success, 5 failed, 182 pending
Epoch 40 | val_loss: 0.61616, val_acc: 0.90440, train_loss: 1.57775, train_acc: 0.55798
[slurm61964909_gr070_gpu0_1] Sync: 0 success, 5 failed, 190 pending
Epoch 41 | val_loss: 0.68757, val_acc: 0.90540, train_loss: 1.56605, train_acc: 0.55340
Epoch 42 | val_loss: 0.59268, val_acc: 0.90800, train_loss: 1.55511, train_acc: 0.56818
[slurm61964909_gr070_gpu0_1] Sync: 0 success, 5 failed, 190 pending
Epoch 43 | val_loss: 0.57140, val_acc: 0.91260, train_loss: 1.56383, train_acc: 0.55751
Epoch 44 | val_loss: 0.57771, val_acc: 0.91680, train_loss: 1.55864, train_acc: 0.56218
[slurm61964909_gr070_gpu0_1] Sync: 0 success, 5 failed, 190 pending
Epoch 45 | val_loss: 0.58860, val_acc: 0.91720, train_loss: 1.51616, train_acc: 0.56753
Epoch 46 | val_loss: 0.59796, val_acc: 0.92260, train_loss: 1.50140, train_acc: 0.57509
[slurm61964909_gr070_gpu0_1] Sync: 0 success, 5 failed, 194 pending
Epoch 47 | val_loss: 0.53054, val_acc: 0.92520, train_loss: 1.52360, train_acc: 0.56202
[slurm61964909_gr070_gpu0_1] Sync: 0 success, 5 failed, 194 pending
Epoch 48 | val_loss: 0.51599, val_acc: 0.92360, train_loss: 1.49146, train_acc: 0.57531
Epoch 49 | val_loss: 0.55507, val_acc: 0.92420, train_loss: 1.50484, train_acc: 0.56953
`Trainer.fit` stopped: `max_epochs=50` reached.
[slurm61964909_gr070_gpu0_1] Job a7282cff-5a7b-4ec6-a48f-c1eea7a9cc8b completed successfully
[slurm61964909_gr070_gpu0_1] No jobs available
[slurm61964909_gr070_gpu0_1] No jobs available
[slurm61964909_gr070_gpu0_1] Sync: 0 success, 5 failed, 198 pending
[slurm61964909_gr070_gpu0_1] No jobs available
[slurm61964909_gr070_gpu0_1] No jobs available
[slurm61964909_gr070_gpu0_1] No jobs available
[slurm61964909_gr070_gpu0_1] Sync: 0 success, 5 failed, 198 pending
[slurm61964909_gr070_gpu0_1] No jobs available
[slurm61964909_gr070_gpu0_1] No jobs available
[slurm61964909_gr070_gpu0_1] No jobs available
[slurm61964909_gr070_gpu0_1] Sync: 0 success, 5 failed, 198 pending
[slurm61964909_gr070_gpu0_1] No jobs available
[slurm61964909_gr070_gpu0_1] No jobs available
[slurm61964909_gr070_gpu0_1] No jobs available
[slurm61964909_gr070_gpu0_1] Sync: 0 success, 5 failed, 206 pending
[slurm61964909_gr070_gpu0_1] No jobs available
[slurm61964909_gr070_gpu0_1] No jobs available
[slurm61964909_gr070_gpu0_1] No jobs available
[slurm61964909_gr070_gpu0_1] Sync: 0 success, 5 failed, 206 pending
[slurm61964909_gr070_gpu0_1] No jobs available
[slurm61964909_gr070_gpu0_1] No jobs available
[slurm61964909_gr070_gpu0_1] No jobs available
[slurm61964909_gr070_gpu0_1] Sync: 0 success, 5 failed, 206 pending
[slurm61964909_gr070_gpu0_1] No jobs available
[slurm61964909_gr070_gpu0_1] No jobs available
[slurm61964909_gr070_gpu0_1] No jobs available
[slurm61964909_gr070_gpu0_1] Sync: 0 success, 5 failed, 206 pending
[slurm61964909_gr070_gpu0_1] No jobs available
[slurm61964909_gr070_gpu0_1] No jobs available
[slurm61964909_gr070_gpu0_1] No jobs available
[slurm61964909_gr070_gpu0_1] No jobs available
[slurm61964909_gr070_gpu0_1] Sync: 0 success, 5 failed, 206 pending
[slurm61964909_gr070_gpu0_1] No jobs available
[slurm61964909_gr070_gpu0_1] No jobs available
[slurm61964909_gr070_gpu0_1] No jobs available
[slurm61964909_gr070_gpu0_1] Sync: 0 success, 5 failed, 206 pending
[slurm61964909_gr070_gpu0_1] No jobs available
[slurm61964909_gr070_gpu0_1] No jobs available
[slurm61964909_gr070_gpu0_1] No jobs available
[slurm61964909_gr070_gpu0_1] Sync: 0 success, 5 failed, 206 pending
[slurm61964909_gr070_gpu0_1] No jobs available
[slurm61964909_gr070_gpu0_1] No jobs available
[slurm61964909_gr070_gpu0_1] No jobs available
[slurm61964909_gr070_gpu0_1] Sync: 0 success, 5 failed, 206 pending
[slurm61964909_gr070_gpu0_1] No jobs available
[slurm61964909_gr070_gpu0_1] No jobs available
[slurm61964909_gr070_gpu0_1] No jobs available
[slurm61964909_gr070_gpu0_1] No jobs available
[slurm61964909_gr070_gpu0_1] Sync: 0 success, 5 failed, 206 pending
[slurm61964909_gr070_gpu0_1] No jobs available
[slurm61964909_gr070_gpu0_1] No jobs available
[slurm61964909_gr070_gpu0_1] No jobs available
[slurm61964909_gr070_gpu0_1] Sync: 0 success, 5 failed, 206 pending
[slurm61964909_gr070_gpu0_1] No jobs available
[slurm61964909_gr070_gpu0_1] No jobs available
[slurm61964909_gr070_gpu0_1] No jobs available
[slurm61964909_gr070_gpu0_1] Sync: 0 success, 5 failed, 206 pending
[slurm61964909_gr070_gpu0_1] No jobs available
[slurm61964909_gr070_gpu0_1] No jobs available
[slurm61964909_gr070_gpu0_1] No jobs available
[slurm61964909_gr070_gpu0_1] Sync: 0 success, 5 failed, 206 pending
[slurm61964909_gr070_gpu0_1] No jobs available
[slurm61964909_gr070_gpu0_1] No jobs available
[slurm61964909_gr070_gpu0_1] No jobs available
[slurm61964909_gr070_gpu0_1] Sync: 0 success, 5 failed, 206 pending
[slurm61964909_gr070_gpu0_1] No jobs available
[slurm61964909_gr070_gpu0_1] No jobs available
[slurm61964909_gr070_gpu0_1] No jobs available
[slurm61964909_gr070_gpu0_1] Sync: 0 success, 5 failed, 206 pending
[slurm61964909_gr070_gpu0_1] No jobs available
[slurm61964909_gr070_gpu0_1] No jobs available
[slurm61964909_gr070_gpu0_1] No jobs available
[slurm61964909_gr070_gpu0_1] Sync: 0 success, 5 failed, 206 pending
[slurm61964909_gr070_gpu0_1] No jobs available
[slurm61964909_gr070_gpu0_1] No jobs available
[slurm61964909_gr070_gpu0_1] No jobs available
[slurm61964909_gr070_gpu0_1] No jobs available
[slurm61964909_gr070_gpu0_1] Sync: 0 success, 5 failed, 206 pending
[slurm61964909_gr070_gpu0_1] No jobs available
[slurm61964909_gr070_gpu0_1] No jobs available
[slurm61964909_gr070_gpu0_1] No jobs available
[slurm61964909_gr070_gpu0_1] Sync: 0 success, 5 failed, 210 pending
[slurm61964909_gr070_gpu0_1] No jobs available
[slurm61964909_gr070_gpu0_1] No jobs available
[slurm61964909_gr070_gpu0_1] No jobs available
[slurm61964909_gr070_gpu0_1] Sync: 0 success, 5 failed, 210 pending
[slurm61964909_gr070_gpu0_1] No jobs available
[slurm61964909_gr070_gpu0_1] No jobs available
[slurm61964909_gr070_gpu0_1] No jobs available
[slurm61964909_gr070_gpu0_1] Sync: 0 success, 5 failed, 210 pending
[slurm61964909_gr070_gpu0_1] No jobs available
[slurm61964909_gr070_gpu0_1] No jobs available
[slurm61964909_gr070_gpu0_1] No jobs available
[slurm61964909_gr070_gpu0_1] Sync: 0 success, 5 failed, 210 pending
[slurm61964909_gr070_gpu0_1] No jobs available
[slurm61964909_gr070_gpu0_1] No jobs available
[slurm61964909_gr070_gpu0_1] No jobs available
[slurm61964909_gr070_gpu0_1] Sync: 0 success, 5 failed, 210 pending
[slurm61964909_gr070_gpu0_1] No jobs available
[slurm61964909_gr070_gpu0_1] No jobs available
[slurm61964909_gr070_gpu0_1] No jobs available
[slurm61964909_gr070_gpu0_1] Sync: 0 success, 5 failed, 210 pending
[slurm61964909_gr070_gpu0_1] No jobs available
[slurm61964909_gr070_gpu0_1] No jobs available
[slurm61964909_gr070_gpu0_1] No jobs available
[slurm61964909_gr070_gpu0_1] Sync: 0 success, 5 failed, 210 pending
[slurm61964909_gr070_gpu0_1] No jobs available
[slurm61964909_gr070_gpu0_1] No jobs available
[slurm61964909_gr070_gpu0_1] No jobs available
[slurm61964909_gr070_gpu0_1] No jobs available
[slurm61964909_gr070_gpu0_1] Sync: 0 success, 5 failed, 210 pending
[slurm61964909_gr070_gpu0_1] No jobs available
[slurm61964909_gr070_gpu0_1] No jobs available
[slurm61964909_gr070_gpu0_1] No jobs available
[slurm61964909_gr070_gpu0_1] Sync: 0 success, 5 failed, 210 pending
[slurm61964909_gr070_gpu0_1] No jobs available
[slurm61964909_gr070_gpu0_1] No jobs available
[slurm61964909_gr070_gpu0_1] No jobs available
[slurm61964909_gr070_gpu0_1] Sync: 0 success, 5 failed, 210 pending
[slurm61964909_gr070_gpu0_1] No jobs available
[slurm61964909_gr070_gpu0_1] No jobs available
[slurm61964909_gr070_gpu0_1] No jobs available
[slurm61964909_gr070_gpu0_1] Sync: 0 success, 5 failed, 210 pending
[slurm61964909_gr070_gpu0_1] No jobs available
[slurm61964909_gr070_gpu0_1] No jobs available
[slurm61964909_gr070_gpu0_1] No jobs available
[slurm61964909_gr070_gpu0_1] Sync: 0 success, 5 failed, 210 pending
[slurm61964909_gr070_gpu0_1] No jobs available
[slurm61964909_gr070_gpu0_1] No jobs available
[slurm61964909_gr070_gpu0_1] No jobs available
[slurm61964909_gr070_gpu0_1] Sync: 0 success, 5 failed, 210 pending
[slurm61964909_gr070_gpu0_1] No jobs available
[slurm61964909_gr070_gpu0_1] No jobs available
[slurm61964909_gr070_gpu0_1] No jobs available
[slurm61964909_gr070_gpu0_1] Sync: 0 success, 5 failed, 210 pending
[slurm61964909_gr070_gpu0_1] No jobs available
[slurm61964909_gr070_gpu0_1] No jobs available
[slurm61964909_gr070_gpu0_1] No jobs available
[slurm61964909_gr070_gpu0_1] No jobs available
[slurm61964909_gr070_gpu0_1] Sync: 0 success, 5 failed, 210 pending
[slurm61964909_gr070_gpu0_1] No jobs available
[slurm61964909_gr070_gpu0_1] No jobs available
[slurm61964909_gr070_gpu0_1] No jobs available
[slurm61964909_gr070_gpu0_1] Sync: 0 success, 5 failed, 210 pending
[slurm61964909_gr070_gpu0_1] No jobs available
[slurm61964909_gr070_gpu0_1] No jobs available
[slurm61964909_gr070_gpu0_1] No jobs available
[slurm61964909_gr070_gpu0_1] Sync: 0 success, 5 failed, 210 pending
[slurm61964909_gr070_gpu0_1] No jobs available
[slurm61964909_gr070_gpu0_1] No jobs available
[slurm61964909_gr070_gpu0_1] No jobs available
[slurm61964909_gr070_gpu0_1] Sync: 0 success, 5 failed, 210 pending
[slurm61964909_gr070_gpu0_1] No jobs available
[slurm61964909_gr070_gpu0_1] No jobs available
[slurm61964909_gr070_gpu0_1] No jobs available
[slurm61964909_gr070_gpu0_1] Sync: 0 success, 5 failed, 210 pending
[slurm61964909_gr070_gpu0_1] No jobs available
[slurm61964909_gr070_gpu0_1] No jobs available
[slurm61964909_gr070_gpu0_1] No jobs available
[slurm61964909_gr070_gpu0_1] Sync: 0 success, 5 failed, 210 pending
[slurm61964909_gr070_gpu0_1] No jobs available
[slurm61964909_gr070_gpu0_1] No jobs available
[slurm61964909_gr070_gpu0_1] No jobs available
[slurm61964909_gr070_gpu0_1] Sync: 0 success, 5 failed, 210 pending
[slurm61964909_gr070_gpu0_1] No jobs available
[slurm61964909_gr070_gpu0_1] No jobs available
[slurm61964909_gr070_gpu0_1] No jobs available
[slurm61964909_gr070_gpu0_1] Sync: 0 success, 5 failed, 210 pending
[slurm61964909_gr070_gpu0_1] No jobs available
[slurm61964909_gr070_gpu0_1] No jobs available
[slurm61964909_gr070_gpu0_1] No jobs available
[slurm61964909_gr070_gpu0_1] No jobs available
[slurm61964909_gr070_gpu0_1] Sync: 0 success, 5 failed, 210 pending
[slurm61964909_gr070_gpu0_1] No jobs available
[slurm61964909_gr070_gpu0_1] No jobs available
[slurm61964909_gr070_gpu0_1] No jobs available
[slurm61964909_gr070_gpu0_1] Sync: 0 success, 5 failed, 210 pending
[slurm61964909_gr070_gpu0_1] No jobs available
[slurm61964909_gr070_gpu0_1] No jobs available
[slurm61964909_gr070_gpu0_1] No jobs available
[slurm61964909_gr070_gpu0_1] Sync: 0 success, 5 failed, 210 pending
[slurm61964909_gr070_gpu0_1] No jobs available
[slurm61964909_gr070_gpu0_1] No jobs available
[slurm61964909_gr070_gpu0_1] No jobs available
[slurm61964909_gr070_gpu0_1] Sync: 0 success, 5 failed, 210 pending
[slurm61964909_gr070_gpu0_1] No jobs available
[slurm61964909_gr070_gpu0_1] No jobs available
[slurm61964909_gr070_gpu0_1] No jobs available
[slurm61964909_gr070_gpu0_1] Sync: 0 success, 5 failed, 210 pending
[slurm61964909_gr070_gpu0_1] No jobs available
[slurm61964909_gr070_gpu0_1] No jobs available
[slurm61964909_gr070_gpu0_1] No jobs available
[slurm61964909_gr070_gpu0_1] Sync: 0 success, 5 failed, 210 pending
[slurm61964909_gr070_gpu0_1] No jobs available
[slurm61964909_gr070_gpu0_1] No jobs available
[slurm61964909_gr070_gpu0_1] No jobs available
[slurm61964909_gr070_gpu0_1] Sync: 0 success, 5 failed, 210 pending
[slurm61964909_gr070_gpu0_1] No jobs available
[slurm61964909_gr070_gpu0_1] No jobs available
[slurm61964909_gr070_gpu0_1] No jobs available
[slurm61964909_gr070_gpu0_1] No jobs available
[slurm61964909_gr070_gpu0_1] Sync: 0 success, 5 failed, 210 pending
[slurm61964909_gr070_gpu0_1] No jobs available
[slurm61964909_gr070_gpu0_1] No jobs available
[slurm61964909_gr070_gpu0_1] No jobs available
[slurm61964909_gr070_gpu0_1] Sync: 0 success, 5 failed, 210 pending
[slurm61964909_gr070_gpu0_1] No jobs available
[slurm61964909_gr070_gpu0_1] No jobs available
[slurm61964909_gr070_gpu0_1] No jobs available
[slurm61964909_gr070_gpu0_1] Sync: 0 success, 5 failed, 210 pending
[slurm61964909_gr070_gpu0_1] No jobs available
[slurm61964909_gr070_gpu0_1] No jobs available
[slurm61964909_gr070_gpu0_1] No jobs available
[slurm61964909_gr070_gpu0_1] Sync: 0 success, 5 failed, 210 pending
[slurm61964909_gr070_gpu0_1] No jobs available
[slurm61964909_gr070_gpu0_1] No jobs available
[slurm61964909_gr070_gpu0_1] No jobs available
[slurm61964909_gr070_gpu0_1] Sync: 0 success, 5 failed, 210 pending
[slurm61964909_gr070_gpu0_1] No jobs available
[slurm61964909_gr070_gpu0_1] No jobs available
[slurm61964909_gr070_gpu0_1] No jobs available
[slurm61964909_gr070_gpu0_1] No jobs available
[slurm61964909_gr070_gpu0_1] Sync: 0 success, 5 failed, 210 pending
[slurm61964909_gr070_gpu0_1] No jobs available
[slurm61964909_gr070_gpu0_1] No jobs available
[slurm61964909_gr070_gpu0_1] No jobs available
[slurm61964909_gr070_gpu0_1] No jobs available
[slurm61964909_gr070_gpu0_1] Sync: 0 success, 5 failed, 210 pending
[slurm61964909_gr070_gpu0_1] No jobs available
[slurm61964909_gr070_gpu0_1] No jobs available
[slurm61964909_gr070_gpu0_1] No jobs available
[slurm61964909_gr070_gpu0_1] Sync: 0 success, 5 failed, 210 pending
[slurm61964909_gr070_gpu0_1] No jobs available
[slurm61964909_gr070_gpu0_1] No jobs available
[slurm61964909_gr070_gpu0_1] No jobs available
[slurm61964909_gr070_gpu0_1] No jobs available
[slurm61964909_gr070_gpu0_1] Sync: 0 success, 5 failed, 210 pending
[slurm61964909_gr070_gpu0_1] No jobs available
[slurm61964909_gr070_gpu0_1] No jobs available
[slurm61964909_gr070_gpu0_1] No jobs available
[slurm61964909_gr070_gpu0_1] Sync: 0 success, 5 failed, 210 pending
[slurm61964909_gr070_gpu0_1] No jobs available
[slurm61964909_gr070_gpu0_1] No jobs available
[slurm61964909_gr070_gpu0_1] No jobs available
[slurm61964909_gr070_gpu0_1] Sync: 0 success, 5 failed, 210 pending
[slurm61964909_gr070_gpu0_1] No jobs available
[slurm61964909_gr070_gpu0_1] No jobs available
[slurm61964909_gr070_gpu0_1] No jobs available
[slurm61964909_gr070_gpu0_1] Sync: 0 success, 5 failed, 210 pending
[slurm61964909_gr070_gpu0_1] No jobs available
[slurm61964909_gr070_gpu0_1] No jobs available
[slurm61964909_gr070_gpu0_1] No jobs available
[slurm61964909_gr070_gpu0_1] No jobs available
[slurm61964909_gr070_gpu0_1] Sync: 0 success, 5 failed, 210 pending
[slurm61964909_gr070_gpu0_1] No jobs available
[slurm61964909_gr070_gpu0_1] No jobs available
[slurm61964909_gr070_gpu0_1] No jobs available
[slurm61964909_gr070_gpu0_1] Sync: 0 success, 5 failed, 210 pending
[slurm61964909_gr070_gpu0_1] No jobs available
[slurm61964909_gr070_gpu0_1] No jobs available
[slurm61964909_gr070_gpu0_1] No jobs available
[slurm61964909_gr070_gpu0_1] Sync: 0 success, 5 failed, 210 pending
[slurm61964909_gr070_gpu0_1] No jobs available
[slurm61964909_gr070_gpu0_1] No jobs available
[slurm61964909_gr070_gpu0_1] No jobs available
[slurm61964909_gr070_gpu0_1] Sync: 0 success, 5 failed, 210 pending
[slurm61964909_gr070_gpu0_1] No jobs available
[slurm61964909_gr070_gpu0_1] No jobs available
[slurm61964909_gr070_gpu0_1] No jobs available
[slurm61964909_gr070_gpu0_1] Sync: 0 success, 5 failed, 210 pending
[slurm61964909_gr070_gpu0_1] No jobs available
[slurm61964909_gr070_gpu0_1] No jobs available
[slurm61964909_gr070_gpu0_1] No jobs available
[slurm61964909_gr070_gpu0_1] Sync: 0 success, 5 failed, 210 pending
[slurm61964909_gr070_gpu0_1] No jobs available
[slurm61964909_gr070_gpu0_1] No jobs available
[slurm61964909_gr070_gpu0_1] No jobs available
[slurm61964909_gr070_gpu0_1] Sync: 0 success, 5 failed, 210 pending
[slurm61964909_gr070_gpu0_1] No jobs available
[slurm61964909_gr070_gpu0_1] No jobs available
[slurm61964909_gr070_gpu0_1] No jobs available
[slurm61964909_gr070_gpu0_1] No jobs available
[slurm61964909_gr070_gpu0_1] Sync: 0 success, 5 failed, 210 pending
[slurm61964909_gr070_gpu0_1] No jobs available
[slurm61964909_gr070_gpu0_1] No jobs available
[slurm61964909_gr070_gpu0_1] No jobs available
[slurm61964909_gr070_gpu0_1] Sync: 0 success, 5 failed, 210 pending
[slurm61964909_gr070_gpu0_1] No jobs available
[slurm61964909_gr070_gpu0_1] No jobs available
[slurm61964909_gr070_gpu0_1] No jobs available
[slurm61964909_gr070_gpu0_1] Sync: 0 success, 5 failed, 210 pending
[slurm61964909_gr070_gpu0_1] No jobs available
[slurm61964909_gr070_gpu0_1] No jobs available
[slurm61964909_gr070_gpu0_1] No jobs available
[slurm61964909_gr070_gpu0_1] Sync: 0 success, 5 failed, 210 pending
[slurm61964909_gr070_gpu0_1] No jobs available
[slurm61964909_gr070_gpu0_1] No jobs available
[slurm61964909_gr070_gpu0_1] No jobs available
[slurm61964909_gr070_gpu0_1] Sync: 0 success, 5 failed, 210 pending
[slurm61964909_gr070_gpu0_1] No jobs available
[slurm61964909_gr070_gpu0_1] No jobs available
[slurm61964909_gr070_gpu0_1] No jobs available
[slurm61964909_gr070_gpu0_1] Sync: 0 success, 5 failed, 210 pending
[slurm61964909_gr070_gpu0_1] No jobs available
[slurm61964909_gr070_gpu0_1] No jobs available
[slurm61964909_gr070_gpu0_1] No jobs available
[slurm61964909_gr070_gpu0_1] No jobs available
[slurm61964909_gr070_gpu0_1] Sync: 0 success, 5 failed, 210 pending
[slurm61964909_gr070_gpu0_1] No jobs available
[slurm61964909_gr070_gpu0_1] No jobs available
[slurm61964909_gr070_gpu0_1] No jobs available
[slurm61964909_gr070_gpu0_1] Sync: 0 success, 5 failed, 210 pending
[slurm61964909_gr070_gpu0_1] No jobs available
[slurm61964909_gr070_gpu0_1] No jobs available
[slurm61964909_gr070_gpu0_1] No jobs available
[slurm61964909_gr070_gpu0_1] Sync: 0 success, 5 failed, 210 pending
[slurm61964909_gr070_gpu0_1] No jobs available
[slurm61964909_gr070_gpu0_1] No jobs available
[slurm61964909_gr070_gpu0_1] No jobs available
[slurm61964909_gr070_gpu0_1] Sync: 0 success, 5 failed, 210 pending
[slurm61964909_gr070_gpu0_1] No jobs available
[slurm61964909_gr070_gpu0_1] No jobs available
[slurm61964909_gr070_gpu0_1] No jobs available
[slurm61964909_gr070_gpu0_1] Sync: 0 success, 5 failed, 210 pending
[slurm61964909_gr070_gpu0_1] No jobs available
[slurm61964909_gr070_gpu0_1] No jobs available
[slurm61964909_gr070_gpu0_1] No jobs available
[slurm61964909_gr070_gpu0_1] Sync: 0 success, 5 failed, 210 pending
[slurm61964909_gr070_gpu0_1] No jobs available
[slurm61964909_gr070_gpu0_1] No jobs available
[slurm61964909_gr070_gpu0_1] No jobs available
[slurm61964909_gr070_gpu0_1] No jobs available
[slurm61964909_gr070_gpu0_1] Sync: 0 success, 5 failed, 210 pending
[slurm61964909_gr070_gpu0_1] No jobs available
[slurm61964909_gr070_gpu0_1] No jobs available
[slurm61964909_gr070_gpu0_1] No jobs available
[slurm61964909_gr070_gpu0_1] Sync: 0 success, 5 failed, 210 pending
[slurm61964909_gr070_gpu0_1] No jobs available
[slurm61964909_gr070_gpu0_1] No jobs available
[slurm61964909_gr070_gpu0_1] No jobs available
[slurm61964909_gr070_gpu0_1] Sync: 0 success, 5 failed, 210 pending
[slurm61964909_gr070_gpu0_1] No jobs available
[slurm61964909_gr070_gpu0_1] No jobs available
[slurm61964909_gr070_gpu0_1] No jobs available
[slurm61964909_gr070_gpu0_1] Sync: 0 success, 5 failed, 210 pending
[slurm61964909_gr070_gpu0_1] No jobs available
[slurm61964909_gr070_gpu0_1] No jobs available
[slurm61964909_gr070_gpu0_1] No jobs available
[slurm61964909_gr070_gpu0_1] Sync: 0 success, 5 failed, 210 pending
[slurm61964909_gr070_gpu0_1] No jobs available
[slurm61964909_gr070_gpu0_1] No jobs available
[slurm61964909_gr070_gpu0_1] No jobs available
[slurm61964909_gr070_gpu0_1] Sync: 0 success, 5 failed, 210 pending
[slurm61964909_gr070_gpu0_1] No jobs available
[slurm61964909_gr070_gpu0_1] No jobs available
[slurm61964909_gr070_gpu0_1] No jobs available
[slurm61964909_gr070_gpu0_1] Sync: 0 success, 5 failed, 210 pending
[slurm61964909_gr070_gpu0_1] No jobs available
[slurm61964909_gr070_gpu0_1] No jobs available
[slurm61964909_gr070_gpu0_1] No jobs available
[slurm61964909_gr070_gpu0_1] No jobs available
[slurm61964909_gr070_gpu0_1] Sync: 0 success, 5 failed, 210 pending
[slurm61964909_gr070_gpu0_1] No jobs available
[slurm61964909_gr070_gpu0_1] No jobs available
[slurm61964909_gr070_gpu0_1] No jobs available
[slurm61964909_gr070_gpu0_1] Sync: 0 success, 5 failed, 210 pending
[slurm61964909_gr070_gpu0_1] No jobs available
[slurm61964909_gr070_gpu0_1] No jobs available
[slurm61964909_gr070_gpu0_1] No jobs available
[slurm61964909_gr070_gpu0_1] Sync: 0 success, 5 failed, 210 pending
[slurm61964909_gr070_gpu0_1] No jobs available
[slurm61964909_gr070_gpu0_1] No jobs available
[slurm61964909_gr070_gpu0_1] No jobs available
[slurm61964909_gr070_gpu0_1] Sync: 0 success, 5 failed, 210 pending
[slurm61964909_gr070_gpu0_1] No jobs available
[slurm61964909_gr070_gpu0_1] No jobs available
[slurm61964909_gr070_gpu0_1] No jobs available
[slurm61964909_gr070_gpu0_1] Sync: 0 success, 5 failed, 210 pending
[slurm61964909_gr070_gpu0_1] No jobs available
[slurm61964909_gr070_gpu0_1] No jobs available
[slurm61964909_gr070_gpu0_1] No jobs available
[slurm61964909_gr070_gpu0_1] Sync: 0 success, 5 failed, 210 pending
[slurm61964909_gr070_gpu0_1] No jobs available
[slurm61964909_gr070_gpu0_1] No jobs available
[slurm61964909_gr070_gpu0_1] No jobs available
[slurm61964909_gr070_gpu0_1] No jobs available
[slurm61964909_gr070_gpu0_1] Sync: 0 success, 5 failed, 210 pending
[slurm61964909_gr070_gpu0_1] No jobs available
[slurm61964909_gr070_gpu0_1] No jobs available
[slurm61964909_gr070_gpu0_1] No jobs available
[slurm61964909_gr070_gpu0_1] Sync: 0 success, 5 failed, 210 pending
[slurm61964909_gr070_gpu0_1] No jobs available
[slurm61964909_gr070_gpu0_1] No jobs available
[slurm61964909_gr070_gpu0_1] No jobs available
[slurm61964909_gr070_gpu0_1] Sync: 0 success, 5 failed, 210 pending
[slurm61964909_gr070_gpu0_1] No jobs available
[slurm61964909_gr070_gpu0_1] No jobs available
[slurm61964909_gr070_gpu0_1] No jobs available
[slurm61964909_gr070_gpu0_1] Sync: 0 success, 5 failed, 210 pending
[slurm61964909_gr070_gpu0_1] No jobs available
[slurm61964909_gr070_gpu0_1] No jobs available
[slurm61964909_gr070_gpu0_1] No jobs available
[slurm61964909_gr070_gpu0_1] Sync: 0 success, 5 failed, 210 pending
[slurm61964909_gr070_gpu0_1] No jobs available
[slurm61964909_gr070_gpu0_1] No jobs available
[slurm61964909_gr070_gpu0_1] No jobs available
[slurm61964909_gr070_gpu0_1] Sync: 0 success, 5 failed, 210 pending
[slurm61964909_gr070_gpu0_1] No jobs available
[slurm61964909_gr070_gpu0_1] No jobs available
[slurm61964909_gr070_gpu0_1] No jobs available
[slurm61964909_gr070_gpu0_1] Sync: 0 success, 5 failed, 210 pending
[slurm61964909_gr070_gpu0_1] No jobs available
[slurm61964909_gr070_gpu0_1] No jobs available
[slurm61964909_gr070_gpu0_1] No jobs available
[slurm61964909_gr070_gpu0_1] No jobs available
[slurm61964909_gr070_gpu0_1] Sync: 0 success, 5 failed, 210 pending
[slurm61964909_gr070_gpu0_1] No jobs available
[slurm61964909_gr070_gpu0_1] No jobs available
[slurm61964909_gr070_gpu0_1] No jobs available
[slurm61964909_gr070_gpu0_1] Sync: 0 success, 5 failed, 210 pending
[slurm61964909_gr070_gpu0_1] No jobs available
[slurm61964909_gr070_gpu0_1] No jobs available
[slurm61964909_gr070_gpu0_1] No jobs available
[slurm61964909_gr070_gpu0_1] Sync: 0 success, 5 failed, 210 pending
[slurm61964909_gr070_gpu0_1] No jobs available
[slurm61964909_gr070_gpu0_1] No jobs available
[slurm61964909_gr070_gpu0_1] No jobs available
[slurm61964909_gr070_gpu0_1] Sync: 0 success, 5 failed, 210 pending
[slurm61964909_gr070_gpu0_1] No jobs available
[slurm61964909_gr070_gpu0_1] No jobs available
[slurm61964909_gr070_gpu0_1] No jobs available
[slurm61964909_gr070_gpu0_1] Sync: 0 success, 5 failed, 210 pending
[slurm61964909_gr070_gpu0_1] No jobs available
[slurm61964909_gr070_gpu0_1] No jobs available
[slurm61964909_gr070_gpu0_1] No jobs available
[slurm61964909_gr070_gpu0_1] Sync: 0 success, 5 failed, 210 pending
[slurm61964909_gr070_gpu0_1] No jobs available
[slurm61964909_gr070_gpu0_1] No jobs available
[slurm61964909_gr070_gpu0_1] No jobs available
[slurm61964909_gr070_gpu0_1] No jobs available
[slurm61964909_gr070_gpu0_1] Sync: 0 success, 5 failed, 210 pending
[slurm61964909_gr070_gpu0_1] No jobs available
[slurm61964909_gr070_gpu0_1] No jobs available
[slurm61964909_gr070_gpu0_1] No jobs available
[slurm61964909_gr070_gpu0_1] Sync: 0 success, 5 failed, 210 pending
[slurm61964909_gr070_gpu0_1] No jobs available
[slurm61964909_gr070_gpu0_1] No jobs available
[slurm61964909_gr070_gpu0_1] No jobs available
[slurm61964909_gr070_gpu0_1] Sync: 0 success, 5 failed, 210 pending
[slurm61964909_gr070_gpu0_1] No jobs available
[slurm61964909_gr070_gpu0_1] No jobs available
[slurm61964909_gr070_gpu0_1] No jobs available
[slurm61964909_gr070_gpu0_1] Sync: 0 success, 5 failed, 210 pending
[slurm61964909_gr070_gpu0_1] No jobs available
[slurm61964909_gr070_gpu0_1] No jobs available
[slurm61964909_gr070_gpu0_1] No jobs available
[slurm61964909_gr070_gpu0_1] Sync: 0 success, 5 failed, 210 pending
[slurm61964909_gr070_gpu0_1] No jobs available
[slurm61964909_gr070_gpu0_1] No jobs available
[slurm61964909_gr070_gpu0_1] No jobs available
[slurm61964909_gr070_gpu0_1] Sync: 0 success, 5 failed, 210 pending
[slurm61964909_gr070_gpu0_1] No jobs available
[slurm61964909_gr070_gpu0_1] No jobs available
[slurm61964909_gr070_gpu0_1] No jobs available
[slurm61964909_gr070_gpu0_1] No jobs available
[slurm61964909_gr070_gpu0_1] Sync: 0 success, 5 failed, 210 pending
[slurm61964909_gr070_gpu0_1] No jobs available
[slurm61964909_gr070_gpu0_1] No jobs available
[slurm61964909_gr070_gpu0_1] No jobs available
[slurm61964909_gr070_gpu0_1] Sync: 0 success, 5 failed, 210 pending
[slurm61964909_gr070_gpu0_1] No jobs available
[slurm61964909_gr070_gpu0_1] No jobs available
[slurm61964909_gr070_gpu0_1] No jobs available
[slurm61964909_gr070_gpu0_1] Sync: 0 success, 5 failed, 210 pending
[slurm61964909_gr070_gpu0_1] No jobs available
[slurm61964909_gr070_gpu0_1] No jobs available
[slurm61964909_gr070_gpu0_1] No jobs available
[slurm61964909_gr070_gpu0_1] Sync: 0 success, 5 failed, 210 pending
[slurm61964909_gr070_gpu0_1] No jobs available
[slurm61964909_gr070_gpu0_1] No jobs available
[slurm61964909_gr070_gpu0_1] No jobs available
[slurm61964909_gr070_gpu0_1] Sync: 0 success, 5 failed, 210 pending
[slurm61964909_gr070_gpu0_1] No jobs available
[slurm61964909_gr070_gpu0_1] No jobs available
[slurm61964909_gr070_gpu0_1] No jobs available
[slurm61964909_gr070_gpu0_1] Sync: 0 success, 5 failed, 210 pending
[slurm61964909_gr070_gpu0_1] No jobs available
[slurm61964909_gr070_gpu0_1] No jobs available
[slurm61964909_gr070_gpu0_1] No jobs available
[slurm61964909_gr070_gpu0_1] Sync: 0 success, 5 failed, 210 pending
[slurm61964909_gr070_gpu0_1] No jobs available
[slurm61964909_gr070_gpu0_1] No jobs available
[slurm61964909_gr070_gpu0_1] No jobs available
[slurm61964909_gr070_gpu0_1] No jobs available
[slurm61964909_gr070_gpu0_1] Sync: 0 success, 5 failed, 210 pending
[slurm61964909_gr070_gpu0_1] No jobs available
[slurm61964909_gr070_gpu0_1] No jobs available
[slurm61964909_gr070_gpu0_1] No jobs available
[slurm61964909_gr070_gpu0_1] Sync: 0 success, 5 failed, 210 pending
[slurm61964909_gr070_gpu0_1] No jobs available
[slurm61964909_gr070_gpu0_1] No jobs available
[slurm61964909_gr070_gpu0_1] No jobs available
[slurm61964909_gr070_gpu0_1] Sync: 0 success, 5 failed, 210 pending
[slurm61964909_gr070_gpu0_1] No jobs available
[slurm61964909_gr070_gpu0_1] No jobs available
[slurm61964909_gr070_gpu0_1] No jobs available
[slurm61964909_gr070_gpu0_1] Sync: 0 success, 5 failed, 210 pending
[slurm61964909_gr070_gpu0_1] No jobs available
[slurm61964909_gr070_gpu0_1] No jobs available
[slurm61964909_gr070_gpu0_1] No jobs available
[slurm61964909_gr070_gpu0_1] Sync: 0 success, 5 failed, 210 pending
[slurm61964909_gr070_gpu0_1] No jobs available
[slurm61964909_gr070_gpu0_1] No jobs available
[slurm61964909_gr070_gpu0_1] No jobs available
[slurm61964909_gr070_gpu0_1] Sync: 0 success, 5 failed, 210 pending
[slurm61964909_gr070_gpu0_1] No jobs available
[slurm61964909_gr070_gpu0_1] No jobs available
[slurm61964909_gr070_gpu0_1] No jobs available
[slurm61964909_gr070_gpu0_1] No jobs available
[slurm61964909_gr070_gpu0_1] Sync: 0 success, 5 failed, 210 pending
[slurm61964909_gr070_gpu0_1] No jobs available
[slurm61964909_gr070_gpu0_1] No jobs available
[slurm61964909_gr070_gpu0_1] No jobs available
[slurm61964909_gr070_gpu0_1] Sync: 0 success, 5 failed, 210 pending
[slurm61964909_gr070_gpu0_1] No jobs available
[slurm61964909_gr070_gpu0_1] No jobs available
[slurm61964909_gr070_gpu0_1] No jobs available
[slurm61964909_gr070_gpu0_1] Sync: 0 success, 5 failed, 210 pending
[slurm61964909_gr070_gpu0_1] No jobs available
[slurm61964909_gr070_gpu0_1] No jobs available
[slurm61964909_gr070_gpu0_1] No jobs available
[slurm61964909_gr070_gpu0_1] Sync: 0 success, 5 failed, 210 pending
[slurm61964909_gr070_gpu0_1] No jobs available
[slurm61964909_gr070_gpu0_1] No jobs available
[slurm61964909_gr070_gpu0_1] No jobs available
[slurm61964909_gr070_gpu0_1] Sync: 0 success, 5 failed, 210 pending
[slurm61964909_gr070_gpu0_1] No jobs available
[slurm61964909_gr070_gpu0_1] No jobs available
[slurm61964909_gr070_gpu0_1] No jobs available
[slurm61964909_gr070_gpu0_1] Sync: 0 success, 5 failed, 210 pending
[slurm61964909_gr070_gpu0_1] No jobs available
[slurm61964909_gr070_gpu0_1] No jobs available
[slurm61964909_gr070_gpu0_1] No jobs available
[slurm61964909_gr070_gpu0_1] Sync: 0 success, 5 failed, 210 pending
[slurm61964909_gr070_gpu0_1] No jobs available
[slurm61964909_gr070_gpu0_1] No jobs available
[slurm61964909_gr070_gpu0_1] No jobs available
[slurm61964909_gr070_gpu0_1] No jobs available
[slurm61964909_gr070_gpu0_1] Sync: 0 success, 5 failed, 210 pending
[slurm61964909_gr070_gpu0_1] No jobs available
[slurm61964909_gr070_gpu0_1] No jobs available
[slurm61964909_gr070_gpu0_1] No jobs available
[slurm61964909_gr070_gpu0_1] Sync: 0 success, 5 failed, 210 pending
[slurm61964909_gr070_gpu0_1] No jobs available
[slurm61964909_gr070_gpu0_1] No jobs available
[slurm61964909_gr070_gpu0_1] No jobs available
[slurm61964909_gr070_gpu0_1] Sync: 0 success, 5 failed, 210 pending
[slurm61964909_gr070_gpu0_1] No jobs available
[slurm61964909_gr070_gpu0_1] No jobs available
[slurm61964909_gr070_gpu0_1] No jobs available
[slurm61964909_gr070_gpu0_1] Sync: 0 success, 5 failed, 210 pending
[slurm61964909_gr070_gpu0_1] No jobs available
[slurm61964909_gr070_gpu0_1] No jobs available
[slurm61964909_gr070_gpu0_1] No jobs available
[slurm61964909_gr070_gpu0_1] Sync: 0 success, 5 failed, 210 pending
[slurm61964909_gr070_gpu0_1] No jobs available
[slurm61964909_gr070_gpu0_1] No jobs available
[slurm61964909_gr070_gpu0_1] No jobs available
[slurm61964909_gr070_gpu0_1] Sync: 0 success, 5 failed, 210 pending
[slurm61964909_gr070_gpu0_1] No jobs available
[slurm61964909_gr070_gpu0_1] No jobs available
[slurm61964909_gr070_gpu0_1] No jobs available
[slurm61964909_gr070_gpu0_1] No jobs available
[slurm61964909_gr070_gpu0_1] Sync: 0 success, 5 failed, 210 pending
[slurm61964909_gr070_gpu0_1] No jobs available
[slurm61964909_gr070_gpu0_1] No jobs available
[slurm61964909_gr070_gpu0_1] No jobs available
[slurm61964909_gr070_gpu0_1] Sync: 0 success, 5 failed, 210 pending
[slurm61964909_gr070_gpu0_1] No jobs available
[slurm61964909_gr070_gpu0_1] No jobs available
[slurm61964909_gr070_gpu0_1] No jobs available
[slurm61964909_gr070_gpu0_1] Sync: 0 success, 5 failed, 210 pending
[slurm61964909_gr070_gpu0_1] No jobs available
[slurm61964909_gr070_gpu0_1] No jobs available
[slurm61964909_gr070_gpu0_1] No jobs available
[slurm61964909_gr070_gpu0_1] Sync: 0 success, 5 failed, 210 pending
[slurm61964909_gr070_gpu0_1] No jobs available
[slurm61964909_gr070_gpu0_1] No jobs available
[slurm61964909_gr070_gpu0_1] No jobs available
[slurm61964909_gr070_gpu0_1] Sync: 0 success, 5 failed, 210 pending
[slurm61964909_gr070_gpu0_1] No jobs available
[slurm61964909_gr070_gpu0_1] No jobs available
[slurm61964909_gr070_gpu0_1] No jobs available
[slurm61964909_gr070_gpu0_1] Sync: 0 success, 5 failed, 210 pending
[slurm61964909_gr070_gpu0_1] No jobs available
[slurm61964909_gr070_gpu0_1] No jobs available
[slurm61964909_gr070_gpu0_1] No jobs available
[slurm61964909_gr070_gpu0_1] Sync: 0 success, 5 failed, 210 pending
[slurm61964909_gr070_gpu0_1] No jobs available
[slurm61964909_gr070_gpu0_1] No jobs available
[slurm61964909_gr070_gpu0_1] No jobs available
[slurm61964909_gr070_gpu0_1] No jobs available
[slurm61964909_gr070_gpu0_1] Sync: 0 success, 5 failed, 210 pending
[slurm61964909_gr070_gpu0_1] No jobs available
[slurm61964909_gr070_gpu0_1] No jobs available
[slurm61964909_gr070_gpu0_1] No jobs available
[slurm61964909_gr070_gpu0_1] Sync: 0 success, 5 failed, 210 pending
[slurm61964909_gr070_gpu0_1] No jobs available
[slurm61964909_gr070_gpu0_1] No jobs available
[slurm61964909_gr070_gpu0_1] No jobs available
[slurm61964909_gr070_gpu0_1] Sync: 0 success, 5 failed, 210 pending
[slurm61964909_gr070_gpu0_1] No jobs available
[slurm61964909_gr070_gpu0_1] No jobs available
[slurm61964909_gr070_gpu0_1] No jobs available
[slurm61964909_gr070_gpu0_1] Sync: 0 success, 5 failed, 210 pending
[slurm61964909_gr070_gpu0_1] No jobs available
[slurm61964909_gr070_gpu0_1] No jobs available
[slurm61964909_gr070_gpu0_1] No jobs available
[slurm61964909_gr070_gpu0_1] Sync: 0 success, 5 failed, 210 pending
[slurm61964909_gr070_gpu0_1] No jobs available
[slurm61964909_gr070_gpu0_1] No jobs available
[slurm61964909_gr070_gpu0_1] No jobs available
[slurm61964909_gr070_gpu0_1] Sync: 0 success, 5 failed, 210 pending
[slurm61964909_gr070_gpu0_1] No jobs available
[slurm61964909_gr070_gpu0_1] No jobs available
[slurm61964909_gr070_gpu0_1] No jobs available
[slurm61964909_gr070_gpu0_1] Sync: 0 success, 5 failed, 210 pending
[slurm61964909_gr070_gpu0_1] No jobs available
[slurm61964909_gr070_gpu0_1] No jobs available
[slurm61964909_gr070_gpu0_1] No jobs available
[slurm61964909_gr070_gpu0_1] No jobs available
[slurm61964909_gr070_gpu0_1] Sync: 0 success, 5 failed, 210 pending
[slurm61964909_gr070_gpu0_1] No jobs available
[slurm61964909_gr070_gpu0_1] No jobs available
[slurm61964909_gr070_gpu0_1] No jobs available
[slurm61964909_gr070_gpu0_1] Sync: 0 success, 5 failed, 210 pending
[slurm61964909_gr070_gpu0_1] No jobs available
[slurm61964909_gr070_gpu0_1] No jobs available
[slurm61964909_gr070_gpu0_1] No jobs available
[slurm61964909_gr070_gpu0_1] Sync: 0 success, 5 failed, 210 pending
[slurm61964909_gr070_gpu0_1] No jobs available
[slurm61964909_gr070_gpu0_1] No jobs available
[slurm61964909_gr070_gpu0_1] No jobs available
[slurm61964909_gr070_gpu0_1] Sync: 0 success, 5 failed, 210 pending
[slurm61964909_gr070_gpu0_1] No jobs available
[slurm61964909_gr070_gpu0_1] No jobs available
[slurm61964909_gr070_gpu0_1] No jobs available
[slurm61964909_gr070_gpu0_1] Sync: 0 success, 5 failed, 210 pending
[slurm61964909_gr070_gpu0_1] No jobs available
[slurm61964909_gr070_gpu0_1] No jobs available
[slurm61964909_gr070_gpu0_1] No jobs available
[slurm61964909_gr070_gpu0_1] Sync: 0 success, 5 failed, 210 pending
[slurm61964909_gr070_gpu0_1] No jobs available
[slurm61964909_gr070_gpu0_1] No jobs available
[slurm61964909_gr070_gpu0_1] No jobs available
[slurm61964909_gr070_gpu0_1] Sync: 0 success, 5 failed, 210 pending
[slurm61964909_gr070_gpu0_1] No jobs available
[slurm61964909_gr070_gpu0_1] No jobs available
[slurm61964909_gr070_gpu0_1] No jobs available
[slurm61964909_gr070_gpu0_1] Sync: 0 success, 5 failed, 210 pending
[slurm61964909_gr070_gpu0_1] No jobs available
[slurm61964909_gr070_gpu0_1] No jobs available
[slurm61964909_gr070_gpu0_1] No jobs available
[slurm61964909_gr070_gpu0_1] No jobs available
[slurm61964909_gr070_gpu0_1] Sync: 0 success, 5 failed, 210 pending
[slurm61964909_gr070_gpu0_1] No jobs available
[slurm61964909_gr070_gpu0_1] No jobs available
[slurm61964909_gr070_gpu0_1] No jobs available
[slurm61964909_gr070_gpu0_1] Sync: 0 success, 5 failed, 210 pending
[slurm61964909_gr070_gpu0_1] No jobs available
[slurm61964909_gr070_gpu0_1] No jobs available
[slurm61964909_gr070_gpu0_1] No jobs available
[slurm61964909_gr070_gpu0_1] Sync: 0 success, 5 failed, 210 pending
[slurm61964909_gr070_gpu0_1] No jobs available
[slurm61964909_gr070_gpu0_1] No jobs available
[slurm61964909_gr070_gpu0_1] No jobs available
[slurm61964909_gr070_gpu0_1] Sync: 0 success, 5 failed, 210 pending
[slurm61964909_gr070_gpu0_1] No jobs available
[slurm61964909_gr070_gpu0_1] No jobs available
[slurm61964909_gr070_gpu0_1] No jobs available
[slurm61964909_gr070_gpu0_1] Sync: 0 success, 5 failed, 210 pending
[slurm61964909_gr070_gpu0_1] No jobs available
[slurm61964909_gr070_gpu0_1] No jobs available
[slurm61964909_gr070_gpu0_1] No jobs available
[slurm61964909_gr070_gpu0_1] Sync: 0 success, 5 failed, 210 pending
[slurm61964909_gr070_gpu0_1] No jobs available
[slurm61964909_gr070_gpu0_1] No jobs available
[slurm61964909_gr070_gpu0_1] No jobs available
[slurm61964909_gr070_gpu0_1] No jobs available
[slurm61964909_gr070_gpu0_1] Sync: 0 success, 5 failed, 210 pending
[slurm61964909_gr070_gpu0_1] No jobs available
[slurm61964909_gr070_gpu0_1] No jobs available
[slurm61964909_gr070_gpu0_1] No jobs available
[slurm61964909_gr070_gpu0_1] Sync: 0 success, 5 failed, 210 pending
[slurm61964909_gr070_gpu0_1] No jobs available
[slurm61964909_gr070_gpu0_1] No jobs available
[slurm61964909_gr070_gpu0_1] No jobs available
[slurm61964909_gr070_gpu0_1] Sync: 0 success, 5 failed, 210 pending
[slurm61964909_gr070_gpu0_1] No jobs available
[slurm61964909_gr070_gpu0_1] No jobs available
[slurm61964909_gr070_gpu0_1] No jobs available
[slurm61964909_gr070_gpu0_1] Sync: 0 success, 5 failed, 210 pending
[slurm61964909_gr070_gpu0_1] No jobs available
[slurm61964909_gr070_gpu0_1] No jobs available
[slurm61964909_gr070_gpu0_1] No jobs available
[slurm61964909_gr070_gpu0_1] Sync: 0 success, 5 failed, 210 pending
[slurm61964909_gr070_gpu0_1] No jobs available
[slurm61964909_gr070_gpu0_1] No jobs available
[slurm61964909_gr070_gpu0_1] No jobs available
[slurm61964909_gr070_gpu0_1] Sync: 0 success, 5 failed, 210 pending
[slurm61964909_gr070_gpu0_1] No jobs available
[slurm61964909_gr070_gpu0_1] No jobs available
[slurm61964909_gr070_gpu0_1] No jobs available
[slurm61964909_gr070_gpu0_1] No jobs available
[slurm61964909_gr070_gpu0_1] Sync: 0 success, 5 failed, 210 pending
[slurm61964909_gr070_gpu0_1] No jobs available
[slurm61964909_gr070_gpu0_1] No jobs available
[slurm61964909_gr070_gpu0_1] No jobs available
[slurm61964909_gr070_gpu0_1] Sync: 0 success, 5 failed, 210 pending
[slurm61964909_gr070_gpu0_1] No jobs available
[slurm61964909_gr070_gpu0_1] No jobs available
[slurm61964909_gr070_gpu0_1] No jobs available
[slurm61964909_gr070_gpu0_1] Sync: 0 success, 5 failed, 210 pending
[slurm61964909_gr070_gpu0_1] No jobs available
[slurm61964909_gr070_gpu0_1] No jobs available
[slurm61964909_gr070_gpu0_1] No jobs available
[slurm61964909_gr070_gpu0_1] Sync: 0 success, 5 failed, 210 pending
[slurm61964909_gr070_gpu0_1] No jobs available
[slurm61964909_gr070_gpu0_1] No jobs available
[slurm61964909_gr070_gpu0_1] No jobs available
[slurm61964909_gr070_gpu0_1] Sync: 0 success, 5 failed, 210 pending
[slurm61964909_gr070_gpu0_1] No jobs available
[slurm61964909_gr070_gpu0_1] No jobs available
[slurm61964909_gr070_gpu0_1] No jobs available
[slurm61964909_gr070_gpu0_1] Sync: 0 success, 5 failed, 210 pending
[slurm61964909_gr070_gpu0_1] No jobs available
[slurm61964909_gr070_gpu0_1] No jobs available
[slurm61964909_gr070_gpu0_1] No jobs available
[slurm61964909_gr070_gpu0_1] Sync: 0 success, 5 failed, 210 pending
[slurm61964909_gr070_gpu0_1] No jobs available
[slurm61964909_gr070_gpu0_1] No jobs available
[slurm61964909_gr070_gpu0_1] No jobs available
[slurm61964909_gr070_gpu0_1] No jobs available
[slurm61964909_gr070_gpu0_1] Sync: 0 success, 5 failed, 210 pending
[slurm61964909_gr070_gpu0_1] No jobs available
[slurm61964909_gr070_gpu0_1] No jobs available
[slurm61964909_gr070_gpu0_1] No jobs available
[slurm61964909_gr070_gpu0_1] Sync: 0 success, 5 failed, 210 pending
[slurm61964909_gr070_gpu0_1] No jobs available
[slurm61964909_gr070_gpu0_1] No jobs available
[slurm61964909_gr070_gpu0_1] No jobs available
[slurm61964909_gr070_gpu0_1] Sync: 0 success, 5 failed, 210 pending
[slurm61964909_gr070_gpu0_1] No jobs available
[slurm61964909_gr070_gpu0_1] No jobs available
[slurm61964909_gr070_gpu0_1] No jobs available
[slurm61964909_gr070_gpu0_1] Sync: 0 success, 5 failed, 210 pending
[slurm61964909_gr070_gpu0_1] No jobs available
[slurm61964909_gr070_gpu0_1] No jobs available
[slurm61964909_gr070_gpu0_1] No jobs available
[slurm61964909_gr070_gpu0_1] Sync: 0 success, 5 failed, 210 pending
[slurm61964909_gr070_gpu0_1] No jobs available
[slurm61964909_gr070_gpu0_1] No jobs available
[slurm61964909_gr070_gpu0_1] No jobs available
[slurm61964909_gr070_gpu0_1] Sync: 0 success, 5 failed, 210 pending
[slurm61964909_gr070_gpu0_1] No jobs available
[slurm61964909_gr070_gpu0_1] No jobs available
[slurm61964909_gr070_gpu0_1] No jobs available
[slurm61964909_gr070_gpu0_1] Sync: 0 success, 5 failed, 210 pending
[slurm61964909_gr070_gpu0_1] No jobs available
[slurm61964909_gr070_gpu0_1] No jobs available
[slurm61964909_gr070_gpu0_1] No jobs available
[slurm61964909_gr070_gpu0_1] No jobs available
[slurm61964909_gr070_gpu0_1] Sync: 0 success, 5 failed, 210 pending
[slurm61964909_gr070_gpu0_1] No jobs available
[slurm61964909_gr070_gpu0_1] No jobs available
[slurm61964909_gr070_gpu0_1] No jobs available
[slurm61964909_gr070_gpu0_1] Sync: 0 success, 5 failed, 210 pending
[slurm61964909_gr070_gpu0_1] No jobs available
[slurm61964909_gr070_gpu0_1] No jobs available
[slurm61964909_gr070_gpu0_1] No jobs available
[slurm61964909_gr070_gpu0_1] Sync: 0 success, 5 failed, 210 pending
[slurm61964909_gr070_gpu0_1] No jobs available
[slurm61964909_gr070_gpu0_1] No jobs available
[slurm61964909_gr070_gpu0_1] No jobs available
[slurm61964909_gr070_gpu0_1] Sync: 0 success, 5 failed, 210 pending
[slurm61964909_gr070_gpu0_1] No jobs available
[slurm61964909_gr070_gpu0_1] No jobs available
[slurm61964909_gr070_gpu0_1] No jobs available
[slurm61964909_gr070_gpu0_1] Sync: 0 success, 5 failed, 210 pending
[slurm61964909_gr070_gpu0_1] No jobs available
[slurm61964909_gr070_gpu0_1] No jobs available
[slurm61964909_gr070_gpu0_1] No jobs available
[slurm61964909_gr070_gpu0_1] No jobs available
[slurm61964909_gr070_gpu0_1] Sync: 0 success, 5 failed, 210 pending
[slurm61964909_gr070_gpu0_1] No jobs available
[slurm61964909_gr070_gpu0_1] No jobs available
[slurm61964909_gr070_gpu0_1] No jobs available
[slurm61964909_gr070_gpu0_1] Sync: 0 success, 5 failed, 210 pending
[slurm61964909_gr070_gpu0_1] No jobs available
[slurm61964909_gr070_gpu0_1] No jobs available
[slurm61964909_gr070_gpu0_1] No jobs available
[slurm61964909_gr070_gpu0_1] Sync: 0 success, 5 failed, 210 pending
[slurm61964909_gr070_gpu0_1] No jobs available
[slurm61964909_gr070_gpu0_1] No jobs available
[slurm61964909_gr070_gpu0_1] No jobs available
[slurm61964909_gr070_gpu0_1] Sync: 0 success, 5 failed, 210 pending
[slurm61964909_gr070_gpu0_1] No jobs available
[slurm61964909_gr070_gpu0_1] No jobs available
[slurm61964909_gr070_gpu0_1] No jobs available
[slurm61964909_gr070_gpu0_1] Sync: 0 success, 5 failed, 210 pending
[slurm61964909_gr070_gpu0_1] No jobs available
[slurm61964909_gr070_gpu0_1] No jobs available
[slurm61964909_gr070_gpu0_1] No jobs available
[slurm61964909_gr070_gpu0_1] Sync: 0 success, 5 failed, 210 pending
[slurm61964909_gr070_gpu0_1] No jobs available
[slurm61964909_gr070_gpu0_1] No jobs available
[slurm61964909_gr070_gpu0_1] No jobs available
[slurm61964909_gr070_gpu0_1] No jobs available
[slurm61964909_gr070_gpu0_1] Sync: 0 success, 5 failed, 210 pending
[slurm61964909_gr070_gpu0_1] No jobs available
[slurm61964909_gr070_gpu0_1] No jobs available
[slurm61964909_gr070_gpu0_1] No jobs available
[slurm61964909_gr070_gpu0_1] Sync: 0 success, 5 failed, 210 pending
[slurm61964909_gr070_gpu0_1] No jobs available
[slurm61964909_gr070_gpu0_1] No jobs available
[slurm61964909_gr070_gpu0_1] No jobs available
[slurm61964909_gr070_gpu0_1] Sync: 0 success, 5 failed, 210 pending
[slurm61964909_gr070_gpu0_1] No jobs available
[slurm61964909_gr070_gpu0_1] No jobs available
[slurm61964909_gr070_gpu0_1] No jobs available
[slurm61964909_gr070_gpu0_1] Sync: 0 success, 5 failed, 210 pending
[slurm61964909_gr070_gpu0_1] No jobs available
[slurm61964909_gr070_gpu0_1] No jobs available
[slurm61964909_gr070_gpu0_1] No jobs available
[slurm61964909_gr070_gpu0_1] Sync: 0 success, 5 failed, 210 pending
[slurm61964909_gr070_gpu0_1] No jobs available
[slurm61964909_gr070_gpu0_1] No jobs available
[slurm61964909_gr070_gpu0_1] No jobs available
[slurm61964909_gr070_gpu0_1] Sync: 0 success, 5 failed, 210 pending
[slurm61964909_gr070_gpu0_1] No jobs available
[slurm61964909_gr070_gpu0_1] No jobs available
[slurm61964909_gr070_gpu0_1] No jobs available
[slurm61964909_gr070_gpu0_1] Sync: 0 success, 5 failed, 210 pending
[slurm61964909_gr070_gpu0_1] No jobs available
[slurm61964909_gr070_gpu0_1] No jobs available
[slurm61964909_gr070_gpu0_1] No jobs available
[slurm61964909_gr070_gpu0_1] No jobs available
[slurm61964909_gr070_gpu0_1] Sync: 0 success, 5 failed, 210 pending
[slurm61964909_gr070_gpu0_1] No jobs available
[slurm61964909_gr070_gpu0_1] No jobs available
[slurm61964909_gr070_gpu0_1] No jobs available
[slurm61964909_gr070_gpu0_1] Sync: 0 success, 5 failed, 210 pending
[slurm61964909_gr070_gpu0_1] No jobs available
[slurm61964909_gr070_gpu0_1] No jobs available
[slurm61964909_gr070_gpu0_1] No jobs available
[slurm61964909_gr070_gpu0_1] Sync: 0 success, 5 failed, 210 pending
[slurm61964909_gr070_gpu0_1] No jobs available
[slurm61964909_gr070_gpu0_1] No jobs available
[slurm61964909_gr070_gpu0_1] No jobs available
[slurm61964909_gr070_gpu0_1] Sync: 0 success, 5 failed, 210 pending
[slurm61964909_gr070_gpu0_1] No jobs available
[slurm61964909_gr070_gpu0_1] No jobs available
[slurm61964909_gr070_gpu0_1] No jobs available
[slurm61964909_gr070_gpu0_1] Sync: 0 success, 5 failed, 210 pending
[slurm61964909_gr070_gpu0_1] No jobs available
[slurm61964909_gr070_gpu0_1] No jobs available
[slurm61964909_gr070_gpu0_1] No jobs available
[slurm61964909_gr070_gpu0_1] Sync: 0 success, 5 failed, 210 pending
[slurm61964909_gr070_gpu0_1] No jobs available
[slurm61964909_gr070_gpu0_1] No jobs available
[slurm61964909_gr070_gpu0_1] No jobs available
[slurm61964909_gr070_gpu0_1] No jobs available
[slurm61964909_gr070_gpu0_1] Sync: 0 success, 5 failed, 210 pending
[slurm61964909_gr070_gpu0_1] No jobs available
[slurm61964909_gr070_gpu0_1] No jobs available
[slurm61964909_gr070_gpu0_1] No jobs available
[slurm61964909_gr070_gpu0_1] Sync: 0 success, 5 failed, 210 pending
[slurm61964909_gr070_gpu0_1] No jobs available
[slurm61964909_gr070_gpu0_1] No jobs available
[slurm61964909_gr070_gpu0_1] No jobs available
[slurm61964909_gr070_gpu0_1] Sync: 0 success, 5 failed, 210 pending
[slurm61964909_gr070_gpu0_1] No jobs available
[slurm61964909_gr070_gpu0_1] No jobs available
[slurm61964909_gr070_gpu0_1] No jobs available
[slurm61964909_gr070_gpu0_1] Sync: 0 success, 5 failed, 210 pending
[slurm61964909_gr070_gpu0_1] No jobs available
[slurm61964909_gr070_gpu0_1] No jobs available
[slurm61964909_gr070_gpu0_1] No jobs available
[slurm61964909_gr070_gpu0_1] Sync: 0 success, 5 failed, 210 pending
[slurm61964909_gr070_gpu0_1] No jobs available
[slurm61964909_gr070_gpu0_1] No jobs available
[slurm61964909_gr070_gpu0_1] No jobs available
[slurm61964909_gr070_gpu0_1] Sync: 0 success, 5 failed, 210 pending
[slurm61964909_gr070_gpu0_1] No jobs available
[slurm61964909_gr070_gpu0_1] No jobs available
[slurm61964909_gr070_gpu0_1] No jobs available
[slurm61964909_gr070_gpu0_1] Sync: 0 success, 5 failed, 210 pending
[slurm61964909_gr070_gpu0_1] No jobs available
[slurm61964909_gr070_gpu0_1] No jobs available
[slurm61964909_gr070_gpu0_1] No jobs available
[slurm61964909_gr070_gpu0_1] Sync: 0 success, 5 failed, 210 pending
[slurm61964909_gr070_gpu0_1] No jobs available
[slurm61964909_gr070_gpu0_1] No jobs available
[slurm61964909_gr070_gpu0_1] No jobs available
[slurm61964909_gr070_gpu0_1] No jobs available
[slurm61964909_gr070_gpu0_1] Sync: 0 success, 5 failed, 210 pending
[slurm61964909_gr070_gpu0_1] No jobs available
[slurm61964909_gr070_gpu0_1] No jobs available
[slurm61964909_gr070_gpu0_1] No jobs available
[slurm61964909_gr070_gpu0_1] Sync: 0 success, 5 failed, 210 pending
[slurm61964909_gr070_gpu0_1] No jobs available
[slurm61964909_gr070_gpu0_1] No jobs available
[slurm61964909_gr070_gpu0_1] No jobs available
[slurm61964909_gr070_gpu0_1] Sync: 0 success, 5 failed, 210 pending
[slurm61964909_gr070_gpu0_1] No jobs available
[slurm61964909_gr070_gpu0_1] No jobs available
[slurm61964909_gr070_gpu0_1] No jobs available
[slurm61964909_gr070_gpu0_1] Sync: 0 success, 5 failed, 210 pending
[slurm61964909_gr070_gpu0_1] No jobs available
[slurm61964909_gr070_gpu0_1] No jobs available
[slurm61964909_gr070_gpu0_1] No jobs available
[slurm61964909_gr070_gpu0_1] Sync: 0 success, 5 failed, 210 pending
[slurm61964909_gr070_gpu0_1] No jobs available
[slurm61964909_gr070_gpu0_1] No jobs available
[slurm61964909_gr070_gpu0_1] No jobs available
[slurm61964909_gr070_gpu0_1] Sync: 0 success, 5 failed, 210 pending
[slurm61964909_gr070_gpu0_1] No jobs available
[slurm61964909_gr070_gpu0_1] No jobs available
[slurm61964909_gr070_gpu0_1] No jobs available
[slurm61964909_gr070_gpu0_1] No jobs available
[slurm61964909_gr070_gpu0_1] Sync: 0 success, 5 failed, 210 pending
[slurm61964909_gr070_gpu0_1] No jobs available
[slurm61964909_gr070_gpu0_1] No jobs available
[slurm61964909_gr070_gpu0_1] No jobs available
[slurm61964909_gr070_gpu0_1] Sync: 0 success, 5 failed, 210 pending
[slurm61964909_gr070_gpu0_1] No jobs available
[slurm61964909_gr070_gpu0_1] No jobs available
[slurm61964909_gr070_gpu0_1] No jobs available
[slurm61964909_gr070_gpu0_1] Sync: 0 success, 5 failed, 210 pending
[slurm61964909_gr070_gpu0_1] No jobs available
[slurm61964909_gr070_gpu0_1] No jobs available
[slurm61964909_gr070_gpu0_1] No jobs available
[slurm61964909_gr070_gpu0_1] Sync: 0 success, 5 failed, 210 pending
[slurm61964909_gr070_gpu0_1] No jobs available
[slurm61964909_gr070_gpu0_1] No jobs available
[slurm61964909_gr070_gpu0_1] No jobs available
[slurm61964909_gr070_gpu0_1] Sync: 0 success, 5 failed, 210 pending
[slurm61964909_gr070_gpu0_1] No jobs available
[slurm61964909_gr070_gpu0_1] No jobs available
[slurm61964909_gr070_gpu0_1] No jobs available
[slurm61964909_gr070_gpu0_1] Sync: 0 success, 5 failed, 210 pending
[slurm61964909_gr070_gpu0_1] No jobs available
[slurm61964909_gr070_gpu0_1] No jobs available
[slurm61964909_gr070_gpu0_1] No jobs available
[slurm61964909_gr070_gpu0_1] Sync: 0 success, 5 failed, 210 pending
[slurm61964909_gr070_gpu0_1] No jobs available
[slurm61964909_gr070_gpu0_1] No jobs available
[slurm61964909_gr070_gpu0_1] No jobs available
[slurm61964909_gr070_gpu0_1] Sync: 0 success, 5 failed, 210 pending
[slurm61964909_gr070_gpu0_1] No jobs available
[slurm61964909_gr070_gpu0_1] No jobs available
[slurm61964909_gr070_gpu0_1] No jobs available
[slurm61964909_gr070_gpu0_1] No jobs available
[slurm61964909_gr070_gpu0_1] Sync: 0 success, 5 failed, 210 pending
[slurm61964909_gr070_gpu0_1] No jobs available
[slurm61964909_gr070_gpu0_1] No jobs available
[slurm61964909_gr070_gpu0_1] No jobs available
[slurm61964909_gr070_gpu0_1] Sync: 0 success, 5 failed, 210 pending
[slurm61964909_gr070_gpu0_1] No jobs available
[slurm61964909_gr070_gpu0_1] No jobs available
[slurm61964909_gr070_gpu0_1] No jobs available
[slurm61964909_gr070_gpu0_1] Sync: 0 success, 5 failed, 210 pending
[slurm61964909_gr070_gpu0_1] No jobs available
[slurm61964909_gr070_gpu0_1] No jobs available
[slurm61964909_gr070_gpu0_1] No jobs available
[slurm61964909_gr070_gpu0_1] Sync: 0 success, 5 failed, 210 pending
[slurm61964909_gr070_gpu0_1] No jobs available
[slurm61964909_gr070_gpu0_1] No jobs available
[slurm61964909_gr070_gpu0_1] No jobs available
[slurm61964909_gr070_gpu0_1] Sync: 0 success, 5 failed, 210 pending
[slurm61964909_gr070_gpu0_1] No jobs available
[slurm61964909_gr070_gpu0_1] No jobs available
[slurm61964909_gr070_gpu0_1] No jobs available
[slurm61964909_gr070_gpu0_1] Sync: 0 success, 5 failed, 210 pending
[slurm61964909_gr070_gpu0_1] No jobs available
[slurm61964909_gr070_gpu0_1] No jobs available
[slurm61964909_gr070_gpu0_1] No jobs available
[slurm61964909_gr070_gpu0_1] Sync: 0 success, 5 failed, 210 pending
[slurm61964909_gr070_gpu0_1] No jobs available
[slurm61964909_gr070_gpu0_1] No jobs available
[slurm61964909_gr070_gpu0_1] No jobs available
[slurm61964909_gr070_gpu0_1] No jobs available
[slurm61964909_gr070_gpu0_1] Sync: 0 success, 5 failed, 210 pending
[slurm61964909_gr070_gpu0_1] No jobs available
[slurm61964909_gr070_gpu0_1] No jobs available
[slurm61964909_gr070_gpu0_1] No jobs available
[slurm61964909_gr070_gpu0_1] Sync: 0 success, 5 failed, 210 pending
[slurm61964909_gr070_gpu0_1] No jobs available
[slurm61964909_gr070_gpu0_1] No jobs available
[slurm61964909_gr070_gpu0_1] No jobs available
[slurm61964909_gr070_gpu0_1] Sync: 0 success, 5 failed, 210 pending
[slurm61964909_gr070_gpu0_1] No jobs available
[slurm61964909_gr070_gpu0_1] No jobs available
[slurm61964909_gr070_gpu0_1] No jobs available
[slurm61964909_gr070_gpu0_1] Sync: 0 success, 5 failed, 210 pending
[slurm61964909_gr070_gpu0_1] No jobs available
[slurm61964909_gr070_gpu0_1] No jobs available
[slurm61964909_gr070_gpu0_1] No jobs available
[slurm61964909_gr070_gpu0_1] Sync: 0 success, 5 failed, 210 pending
[slurm61964909_gr070_gpu0_1] No jobs available
[slurm61964909_gr070_gpu0_1] No jobs available
[slurm61964909_gr070_gpu0_1] No jobs available
[slurm61964909_gr070_gpu0_1] Sync: 0 success, 5 failed, 210 pending
[slurm61964909_gr070_gpu0_1] No jobs available
[slurm61964909_gr070_gpu0_1] No jobs available
[slurm61964909_gr070_gpu0_1] No jobs available
[slurm61964909_gr070_gpu0_1] No jobs available
[slurm61964909_gr070_gpu0_1] Sync: 0 success, 5 failed, 210 pending
[slurm61964909_gr070_gpu0_1] No jobs available
[slurm61964909_gr070_gpu0_1] No jobs available
[slurm61964909_gr070_gpu0_1] No jobs available
[slurm61964909_gr070_gpu0_1] Sync: 0 success, 5 failed, 210 pending
[slurm61964909_gr070_gpu0_1] No jobs available
[slurm61964909_gr070_gpu0_1] No jobs available
[slurm61964909_gr070_gpu0_1] No jobs available
[slurm61964909_gr070_gpu0_1] Sync: 0 success, 5 failed, 210 pending
[slurm61964909_gr070_gpu0_1] No jobs available
[slurm61964909_gr070_gpu0_1] No jobs available
[slurm61964909_gr070_gpu0_1] No jobs available
[slurm61964909_gr070_gpu0_1] Sync: 0 success, 5 failed, 210 pending
[slurm61964909_gr070_gpu0_1] No jobs available
[slurm61964909_gr070_gpu0_1] No jobs available
[slurm61964909_gr070_gpu0_1] No jobs available
[slurm61964909_gr070_gpu0_1] Sync: 0 success, 5 failed, 210 pending
[slurm61964909_gr070_gpu0_1] No jobs available
[slurm61964909_gr070_gpu0_1] No jobs available
[slurm61964909_gr070_gpu0_1] No jobs available
[slurm61964909_gr070_gpu0_1] Sync: 0 success, 5 failed, 210 pending
[slurm61964909_gr070_gpu0_1] No jobs available
[slurm61964909_gr070_gpu0_1] No jobs available
[slurm61964909_gr070_gpu0_1] No jobs available
[slurm61964909_gr070_gpu0_1] Sync: 0 success, 5 failed, 210 pending
[slurm61964909_gr070_gpu0_1] No jobs available
[slurm61964909_gr070_gpu0_1] No jobs available
[slurm61964909_gr070_gpu0_1] No jobs available
[slurm61964909_gr070_gpu0_1] Sync: 0 success, 5 failed, 210 pending
[slurm61964909_gr070_gpu0_1] No jobs available
[slurm61964909_gr070_gpu0_1] No jobs available
[slurm61964909_gr070_gpu0_1] No jobs available
[slurm61964909_gr070_gpu0_1] No jobs available
[slurm61964909_gr070_gpu0_1] Sync: 0 success, 5 failed, 210 pending
[slurm61964909_gr070_gpu0_1] No jobs available
[slurm61964909_gr070_gpu0_1] No jobs available
[slurm61964909_gr070_gpu0_1] No jobs available
[slurm61964909_gr070_gpu0_1] Sync: 0 success, 5 failed, 210 pending
[slurm61964909_gr070_gpu0_1] No jobs available
[slurm61964909_gr070_gpu0_1] No jobs available
[slurm61964909_gr070_gpu0_1] No jobs available
[slurm61964909_gr070_gpu0_1] Sync: 0 success, 5 failed, 210 pending
[slurm61964909_gr070_gpu0_1] No jobs available
[slurm61964909_gr070_gpu0_1] No jobs available
[slurm61964909_gr070_gpu0_1] No jobs available
[slurm61964909_gr070_gpu0_1] Sync: 0 success, 5 failed, 210 pending
[slurm61964909_gr070_gpu0_1] No jobs available
[slurm61964909_gr070_gpu0_1] No jobs available
[slurm61964909_gr070_gpu0_1] No jobs available
[slurm61964909_gr070_gpu0_1] Sync: 0 success, 5 failed, 210 pending
[slurm61964909_gr070_gpu0_1] No jobs available
[slurm61964909_gr070_gpu0_1] No jobs available
[slurm61964909_gr070_gpu0_1] No jobs available
[slurm61964909_gr070_gpu0_1] Sync: 0 success, 5 failed, 210 pending
[slurm61964909_gr070_gpu0_1] No jobs available
[slurm61964909_gr070_gpu0_1] No jobs available
[slurm61964909_gr070_gpu0_1] No jobs available
[slurm61964909_gr070_gpu0_1] Sync: 0 success, 5 failed, 210 pending
[slurm61964909_gr070_gpu0_1] No jobs available
[slurm61964909_gr070_gpu0_1] No jobs available
[slurm61964909_gr070_gpu0_1] No jobs available
[slurm61964909_gr070_gpu0_1] No jobs available
[slurm61964909_gr070_gpu0_1] Sync: 0 success, 5 failed, 210 pending
[slurm61964909_gr070_gpu0_1] No jobs available
[slurm61964909_gr070_gpu0_1] No jobs available
[slurm61964909_gr070_gpu0_1] No jobs available
[slurm61964909_gr070_gpu0_1] Sync: 0 success, 5 failed, 210 pending
[slurm61964909_gr070_gpu0_1] No jobs available
[slurm61964909_gr070_gpu0_1] No jobs available
[slurm61964909_gr070_gpu0_1] No jobs available
[slurm61964909_gr070_gpu0_1] Sync: 0 success, 5 failed, 210 pending
[slurm61964909_gr070_gpu0_1] No jobs available
[slurm61964909_gr070_gpu0_1] No jobs available
[slurm61964909_gr070_gpu0_1] No jobs available
[slurm61964909_gr070_gpu0_1] Sync: 0 success, 5 failed, 210 pending
[slurm61964909_gr070_gpu0_1] No jobs available
[slurm61964909_gr070_gpu0_1] No jobs available
[slurm61964909_gr070_gpu0_1] No jobs available
[slurm61964909_gr070_gpu0_1] Sync: 0 success, 5 failed, 210 pending
[slurm61964909_gr070_gpu0_1] No jobs available
[slurm61964909_gr070_gpu0_1] No jobs available
[slurm61964909_gr070_gpu0_1] No jobs available
[slurm61964909_gr070_gpu0_1] Sync: 0 success, 5 failed, 210 pending
[slurm61964909_gr070_gpu0_1] No jobs available
[slurm61964909_gr070_gpu0_1] No jobs available
[slurm61964909_gr070_gpu0_1] No jobs available
[slurm61964909_gr070_gpu0_1] Sync: 0 success, 5 failed, 210 pending
[slurm61964909_gr070_gpu0_1] No jobs available
[slurm61964909_gr070_gpu0_1] No jobs available
[slurm61964909_gr070_gpu0_1] No jobs available
[slurm61964909_gr070_gpu0_1] No jobs available
[slurm61964909_gr070_gpu0_1] Sync: 0 success, 5 failed, 210 pending
[slurm61964909_gr070_gpu0_1] No jobs available
[slurm61964909_gr070_gpu0_1] No jobs available
[slurm61964909_gr070_gpu0_1] No jobs available
[slurm61964909_gr070_gpu0_1] Sync: 0 success, 5 failed, 210 pending
[slurm61964909_gr070_gpu0_1] No jobs available
[slurm61964909_gr070_gpu0_1] No jobs available
[slurm61964909_gr070_gpu0_1] No jobs available
[slurm61964909_gr070_gpu0_1] Sync: 0 success, 5 failed, 210 pending
[slurm61964909_gr070_gpu0_1] No jobs available
[slurm61964909_gr070_gpu0_1] No jobs available
[slurm61964909_gr070_gpu0_1] No jobs available
[slurm61964909_gr070_gpu0_1] Sync: 0 success, 5 failed, 210 pending
[slurm61964909_gr070_gpu0_1] No jobs available
[slurm61964909_gr070_gpu0_1] No jobs available
[slurm61964909_gr070_gpu0_1] No jobs available
[slurm61964909_gr070_gpu0_1] Sync: 0 success, 5 failed, 210 pending
[slurm61964909_gr070_gpu0_1] No jobs available
[slurm61964909_gr070_gpu0_1] No jobs available
[slurm61964909_gr070_gpu0_1] No jobs available
[slurm61964909_gr070_gpu0_1] Sync: 0 success, 5 failed, 210 pending
[slurm61964909_gr070_gpu0_1] No jobs available
[slurm61964909_gr070_gpu0_1] No jobs available
[slurm61964909_gr070_gpu0_1] No jobs available
[slurm61964909_gr070_gpu0_1] Sync: 0 success, 5 failed, 210 pending
[slurm61964909_gr070_gpu0_1] No jobs available
[slurm61964909_gr070_gpu0_1] No jobs available
[slurm61964909_gr070_gpu0_1] No jobs available
[slurm61964909_gr070_gpu0_1] No jobs available
[slurm61964909_gr070_gpu0_1] Sync: 0 success, 5 failed, 210 pending
[slurm61964909_gr070_gpu0_1] No jobs available
[slurm61964909_gr070_gpu0_1] No jobs available
[slurm61964909_gr070_gpu0_1] No jobs available
[slurm61964909_gr070_gpu0_1] Sync: 0 success, 5 failed, 210 pending
[slurm61964909_gr070_gpu0_1] No jobs available
[slurm61964909_gr070_gpu0_1] No jobs available
[slurm61964909_gr070_gpu0_1] No jobs available
[slurm61964909_gr070_gpu0_1] Sync: 0 success, 5 failed, 210 pending
[slurm61964909_gr070_gpu0_1] No jobs available
[slurm61964909_gr070_gpu0_1] No jobs available
[slurm61964909_gr070_gpu0_1] No jobs available
[slurm61964909_gr070_gpu0_1] Sync: 0 success, 5 failed, 210 pending
[slurm61964909_gr070_gpu0_1] No jobs available
[slurm61964909_gr070_gpu0_1] No jobs available
[slurm61964909_gr070_gpu0_1] No jobs available
[slurm61964909_gr070_gpu0_1] Sync: 0 success, 5 failed, 210 pending
[slurm61964909_gr070_gpu0_1] No jobs available
[slurm61964909_gr070_gpu0_1] No jobs available
[slurm61964909_gr070_gpu0_1] No jobs available
[slurm61964909_gr070_gpu0_1] Sync: 0 success, 5 failed, 210 pending
[slurm61964909_gr070_gpu0_1] No jobs available
[slurm61964909_gr070_gpu0_1] No jobs available
[slurm61964909_gr070_gpu0_1] No jobs available
[slurm61964909_gr070_gpu0_1] Sync: 0 success, 5 failed, 210 pending
[slurm61964909_gr070_gpu0_1] No jobs available
[slurm61964909_gr070_gpu0_1] No jobs available
[slurm61964909_gr070_gpu0_1] No jobs available
